Workbook
Name Slicer_Category: #N/A
Name Slicer_VC_Project: #N/A

Sheet Dashboard
B2: Project Cost Saving Dashboard: Semicon Company XYZ
AB5: Project Name | AC5: Labor | AD5: Yield | AE5: Material | AF5: Total
AB6: =DataTrans!I3 -> Aut Visual 2 | AC6: =DataTrans!J3 -> 1601.7785 | AD6: =DataTrans!K3 -> 0 | AE6: =DataTrans!L3 -> 1242071.3 | AF6: =DataTrans!N3 -> 1243673.1
AB7: =DataTrans!I4 -> New Etching Chemical Potassium Iodide | AC7: =DataTrans!J4 -> 466323.5 | AD7: =DataTrans!K4 -> 0 | AE7: =DataTrans!L4 -> 542395.07 | AF7: =DataTrans!N4 -> 1008718.6
AB8: =DataTrans!I5 -> Diamond blade Supplier X | AC8: =DataTrans!J5 -> 142724.31 | AD8: =DataTrans!K5 -> 0 | AE8: =DataTrans!L5 -> 138102.62 | AF8: =DataTrans!N5 -> 280826.93
AB9: =DataTrans!I6 -> New Etching Chemical Iodine | AC9: =DataTrans!J6 -> 203284.77 | AD9: =DataTrans!K6 -> 0 | AE9: =DataTrans!L6 -> 0 | AF9: =DataTrans!N6 -> 203284.77
AB10: =DataTrans!I7 -> New Etching Chemical Diammonium Cerium | AC10: =DataTrans!J7 -> 43275.074 | AD10: =DataTrans!K7 -> 137338.4 | AE10: =DataTrans!L7 -> 19756.958 | AF10: =DataTrans!N7 -> 200370.43
AB11: =DataTrans!I8 -> Sampling Size Reduction | AC11: =DataTrans!J8 -> 0 | AD11: =DataTrans!K8 -> 0 | AE11: =DataTrans!L8 -> 172527.2 | AF11: =DataTrans!N8 -> 172527.2
AB12: =DataTrans!I9 -> Chip Cleaning Solvent 1 | AC12: =DataTrans!J9 -> 62659.888 | AD12: =DataTrans!K9 -> 0 | AE12: =DataTrans!L9 -> 76255.19 | AF12: =DataTrans!N9 -> 138915.08
AB13: =DataTrans!I10 -> Pt Target Supplier X | AC13: =DataTrans!J10 -> 92892.078 | AD13: =DataTrans!K10 -> 0 | AE13: =DataTrans!L10 -> 38820.75 | AF13: =DataTrans!N10 -> 131712.83
AB14: =DataTrans!I11 -> TiW etching increase Frequency usage | AC14: =DataTrans!J11 -> 7607.562 | AD14: =DataTrans!K11 -> 121230.93 | AE14: =DataTrans!L11 -> 0 | AF14: =DataTrans!N11 -> 128838.49
AB15: =DataTrans!I12 -> Diamond blade Supplier D | AC15: =DataTrans!J12 -> 113037.62 | AD15: =DataTrans!K12 -> 0 | AE15: =DataTrans!L12 -> -3390.3375 | AF15: =DataTrans!N12 -> 109647.28
C19: Savings | E19: Process Line | G19: Labor | I19: Yield | K19: Material | M19: Total
C21: Calendar Cost Saving | E21: =DataTrans!AN24 -> XWP | G21: =DataTrans!AO24 -> 1193828.4 | I21: =DataTrans!AP24 -> 369977.72 | K21: =DataTrans!AQ24 -> 757646.15 | M21: =SUM(G21:N22) -> 2321452.3
E23: =DataTrans!AN25 -> XCI | G23: =DataTrans!AO25 -> 1601.7785 | I23: =DataTrans!AP25 -> 0 | K23: =DataTrans!AQ25 -> 1242071.3 | M23: =SUM(G23:N24) -> 1243673.1
E25: =DataTrans!AN26 -> XCD | G25: =DataTrans!AO26 -> 553090.65 | I25: =DataTrans!AP26 -> 0 | K25: =DataTrans!AQ26 -> 600742.02 | M25: =SUM(G25:N26) -> 1153832.7
C27: Annual Cost Saving | E27: =DataTrans!AN27 -> XWP | G27: =DataTrans!AO27 -> 3604604.7 | I27: =DataTrans!AP27 -> 1117469.8 | K27: =DataTrans!AQ27 -> 2439119.5 | M27: =SUM(G27:N28) -> 7161194
E29: =DataTrans!AN28 -> XCI | G29: =DataTrans!AO28 -> 2491.3644 | I29: =DataTrans!AP28 -> 0 | K29: =DataTrans!AQ28 -> 2316135.6 | M29: =SUM(G29:N30) -> 2318627
E31: =DataTrans!AN29 -> XCD | G31: =DataTrans!AO29 -> 1174575 | I31: =DataTrans!AP29 -> 0 | K31: =DataTrans!AQ29 -> 1243923.8 | M31: =SUM(G31:N32) -> 2418498.8

Sheet Quaterly_DB
B2: Quarterly Saving Summary
C5: Classification | E5: Calendar Savings | J5: Annual Saving
E6: Q1 | F6: Q2 | G6: Q3 | H6: Q4 | I6: Total | J6: Q1 | K6: Q2 | L6: Q3 | M6: Q4 | N6: Total
C7: Process Line | D7: XWP | E7: =DataTrans!AX14 -> 263865.25 | F7: =DataTrans!AY14 -> 233706.44 | G7: =DataTrans!AZ14 -> 563170.23 | H7: =DataTrans!BA14 -> 1260712.6 | I7: =SUM(E7:H7) -> 2321454.6 | J7: =DataTrans!BB14 -> 2004023.6 | K7: =DataTrans!BC14 -> 1858718.9 | L7: =DataTrans!BD14 -> 1784037.1 | M7: =DataTrans!BE14 -> 1514414.5 | N7: =SUM(J7:M7) -> 7161194
D8: XCI | E8: =DataTrans!AX15 -> 0 | F8: =DataTrans!AY15 -> 60867.397 | G8: =DataTrans!AZ15 -> 617504.4 | H8: =DataTrans!BA15 -> 565301.32 | I8: =SUM(E8:H8) -> 1243673.1 | J8: =DataTrans!BB15 -> 544050.23 | K8: =DataTrans!BC15 -> 591771 | L8: =DataTrans!BD15 -> 617504.4 | M8: =DataTrans!BE15 -> 565301.32 | N8: =SUM(J8:M8) -> 2318627
D9: XCD | E9: =DataTrans!AX16 -> 74985.574 | F9: =DataTrans!AY16 -> 352974.64 | G9: =DataTrans!AZ16 -> 350062.47 | H9: =DataTrans!BA16 -> 375809.98 | I9: =SUM(E9:H9) -> 1153832.7 | J9: =DataTrans!BB16 -> 740210.55 | K9: =DataTrans!BC16 -> 675165.49 | L9: =DataTrans!BD16 -> 556114.08 | M9: =DataTrans!BE16 -> 447008.68 | N9: =SUM(J9:M9) -> 2418498.8
D37: XCI
D39: XCD

Sheet Proj_Reg
B2: Project Number | C2: VC Project | D2: Category | E2: Project Name | F2: Status | G2: Start Date | H2: End Date | I2: Remarks | J2: Costing Assum / actual
B3: AME25-001 | C3: Sputtering | D3: XWP | E3: TiW Target Supplier Y | G3: 45717 | H3: =EDATE(G3,11) -> 46054
B4: AME25-002 | C4: Sputtering | D4: XWP | E4: TiW Target Supplier X | G4: 45778 | H4: =EDATE(G4,11) -> 46113
B5: AME25-003 | C5: Sputtering | D5: XWP | E5: TiW Target Supplier Z | G5: 45809 | H5: =EDATE(G5,11) -> 46143
B6: AME25-004 | C6: Sputtering | D6: XWP | E6: Au Target Supplier Y | G6: 45931 | H6: =EDATE(G6,11) -> 46266
B7: AME25-005 | C7: Sputtering | D7: XWP | E7: Au Target Supplier X | G7: 45962 | H7: =EDATE(G7,11) -> 46296
B8: AME25-006 | C8: Sputtering | D8: XWP | E8: Au Target Supplier Z | G8: 45962 | H8: =EDATE(G8,11) -> 46296
B9: AME25-007 | C9: Sputtering | D9: XWP | E9: Pt Target Supplier Y | G9: 46054 | H9: =EDATE(G9,11) -> 46388
B10: AME25-008 | C10: Sputtering | D10: XWP | E10: Pt Target Supplier X | G10: 45931 | H10: =EDATE(G10,11) -> 46266
B11: AME25-009 | C11: Sputtering | D11: XWP | E11: Pt Target Supplier Z | G11: 46054 | H11: =EDATE(G11,11) -> 46388 | I11: Update 1+11
B12: AME25-010 | C12: Sputtering | D12: XWP | E12: NiCr Target Supplier Y | G12: 46082 | H12: =EDATE(G12,11) -> 46419
B13: AME25-011 | C13: Sputtering | D13: XWP | E13: NiCr Target Supplier X | G13: 46082 | H13: =EDATE(G13,11) -> 46419 | I13: Update 1+11
B14: AME25-012 | C14: Sputtering | D14: XWP | E14: NiCr Target Supplier Z | G14: 46143 | H14: =EDATE(G14,11) -> 46478
B15: AME25-013 | C15: Sputtering | D15: XWP | E15: Ti Target Supplier Y | G15: 46174 | H15: =EDATE(G15,11) -> 46508
B16: AME25-014 | C16: Sputtering | D16: XWP | E16: Ti Target Supplier X | G16: 46054 | H16: =EDATE(G16,11) -> 46388
B17: AME25-015 | C17: Sputtering | D17: XWP | E17: Ti Target Supplier Z | G17: 46113 | H17: =EDATE(G17,11) -> 46447
B18: AME25-016 | C18: Sputtering | D18: XWP | E18: Au Target Thickness 0.1um | G18: 46113 | H18: =EDATE(G18,11) -> 46447
B19: AME25-017 | C19: Sputtering | D19: XWP | E19: Au Target Thickness 0.5um | G19: 46054 | H19: =EDATE(G19,11) -> 46388
B20: AME25-018 | C20: Sputtering | D20: XWP | E20: Au Target Thickness 1.0um | G20: #N/A | H20: =EDATE(G20,11) -> #N/A
B21: AME25-019 | C21: Sputtering | D21: XWP | E21: Au Target Thickness 1.5um | G21: #N/A | H21: =EDATE(G21,11) -> #N/A
B22: AME25-020 | C22: Sputtering | D22: XWP | E22: Au Target Thickness 2.0um | G22: #N/A | H22: =EDATE(G22,11) -> #N/A
B23: AME25-021 | C23: Sputtering | D23: XWP | E23: Au Target Thickness 3.5um | G23: 46113 | H23: =EDATE(G23,11) -> 46447
B24: AME25-030 | C24: Wafer Saw Dicing | D24: XCD | E24: Diamond blade Supplier A | G24: 46113 | H24: =EDATE(G24,11) -> 46447
B25: AME25-031 | C25: Wafer Saw Dicing | D25: XCD | E25: Diamond blade Supplier B | G25: 46113 | H25: =EDATE(G25,11) -> 46447
B26: AME25-032 | C26: Wafer Saw Dicing | D26: XCD | E26: Diamond blade Supplier C | G26: #N/A | H26: =EDATE(G26,11) -> #N/A
B27: AME25-033 | C27: Wafer Saw Dicing | D27: XCD | E27: Diamond blade Supplier D | G27: 46054 | H27: =EDATE(G27,11) -> 46388
B28: AME25-034 | C28: Wafer Saw Dicing | D28: XCD | E28: Diamond blade Supplier E | G28: 46113 | H28: =EDATE(G28,11) -> 46447
B29: AME25-035 | C29: Wafer Saw Dicing | D29: XCD | E29: Diamond blade Supplier X | G29: 46054 | H29: =EDATE(G29,11) -> 46388
B30: AME25-036 | C30: Wafer Saw Dicing | D30: XCD | E30: Diamond blade Supplier Y | G30: #N/A | H30: =EDATE(G30,11) -> #N/A
B31: AME25-037 | C31: Wafer Saw Dicing | D31: XCD | E31: Diamond blade Supplier Z | G31: 46143 | H31: =EDATE(G31,11) -> 46478
B32: AME25-038 | C32: Wafer Saw Dicing | D32: XCD | E32: Thermal Release Tape 1 | G32: 46113 | H32: =EDATE(G32,11) -> 46447
B33: AME25-039 | C33: Wafer Saw Dicing | D33: XCD | E33: Thermal Release Tape 2 | G33: 46113 | H33: =EDATE(G33,11) -> 46447
B34: AME25-040 | C34: Wafer Saw Dicing | D34: XCD | E34: Thermal Release Tape 3 | G34: 46113 | H34: =EDATE(G34,11) -> 46447
B35: AME25-041 | C35: Wafer Saw Dicing | D35: XCD | E35: Tape Dicing 1 | G35: 46143 | H35: =EDATE(G35,11) -> 46478
B36: AME25-042 | C36: Wafer Saw Dicing | D36: XCD | E36: Tape Dicing 2 | G36: #N/A | H36: =EDATE(G36,11) -> #N/A
B37: AME25-043 | C37: Wafer Saw Dicing | D37: XCD | E37: Tape Dicing 3 | G37: 46266 | H37: =EDATE(G37,11) -> 46600
B38: AME25-044 | C38: Wafer Saw Dicing | D38: XCD | E38: Oven time time Reduction 25% | G38: 46296 | H38: =EDATE(G38,11) -> 46631
B39: AME25-045 | C39: Wafer Saw Dicing | D39: XCD | E39: Oven time time Reduction 50% | G39: 46327 | H39: =EDATE(G39,11) -> 46661
B40: AME25-046 | C40: Wafer Saw Dicing | D40: XCD | E40: Oven time time Reduction 75% | G40: 46327 | H40: =EDATE(G40,11) -> 46661
B41: AME25-047 | C41: Wafer Saw Dicing | D41: XCD | E41: Chip Cleaning Solvent 1 | G41: 46082 | H41: =EDATE(G41,11) -> 46419
B42: AME25-048 | C42: Wafer Saw Dicing | D42: XCD | E42: Chip Cleaning Solvent 2 | G42: 46113 | H42: =EDATE(G42,11) -> 46447
B43: AME25-049 | C43: Wafer Saw Dicing | D43: XCD | E43: Chip Cleaning Solvent 3 | G43: 46113 | H43: =EDATE(G43,11) -> 46447
B44: AME25-050 | C44: Wafer Saw Dicing | D44: XCD | E44: Chip Cleaning Solvent 4 | G44: 46113 | H44: =EDATE(G44,11) -> 46447
B45: AME25-051 | C45: Wafer Saw Dicing | D45: XCD | E45: Chip Cleaning Solvent 5 | G45: 46113 | H45: =EDATE(G45,11) -> 46447
B46: AME25-052 | C46: Wafer Saw Dicing | D46: XCD | E46: Chip Cleaning Solvent 6 | G46: 46296 | H46: =EDATE(G46,11) -> 46631
B47: AME25-053 | C47: Wafer Saw Dicing | D47: XCD | E47: Chip Cleaning Solvent 7 | G47: 46327 | H47: =EDATE(G47,11) -> 46661
B48: AME25-058 | C48: Visual Inspection | D48: XCD | E48: Auto Visual Inspection | G48: 46235 | H48: =EDATE(G48,11) -> 46569
... B53: AME25-064 | C53: Wet Etching | D53: XWP | E53: Au etching increase Frequency usage | G53: 46204 | H53: =EDATE(G53,11) -> 46539
B54: AME25-065 | C54: Wet Etching | D54: XWP | E54: ERU5G Auto cut and strip | G54: For Confirmation | H54: =EDATE(G54,11) -> #VALUE!
B55: AME25-066 | C55: Visual Inspection | D55: XCI | E55: Aut Visual 2 | G55: 46174 | H55: =EDATE(G55,11) -> 46508
B56: AME25-067 | C56: Wet Etching | D56: XWP | E56: New Etching Chemical Potassium Iodide | G56: 46266 | H56: =EDATE(G56,11) -> 46600
B57: AME25-068 | C57: Wet Etching | D57: XWP | E57: New Etching Chemical Hydroflauric Acid | G57: 46266 | H57: =EDATE(G57,11) -> 46600
B58: AME25-069 | C58: Wet Etching | D58: XWP | E58: New Etching Chemical Iodine | G58: 46204 | H58: =EDATE(G58,11) -> 46539
B59: AME25-070 | C59: Wet Etching | D59: XWP | E59: New Etching Chemical H2O2 | G59: 46204 | H59: =EDATE(G59,11) -> 46539
B60: AME25-071 | C60: Wet Etching | D60: XWP | E60: New Etching Chemical Nitric Acid | G60: 46204 | H60: =EDATE(G60,11) -> 46539
B61: AME25-072 | C61: Wet Etching | D61: XWP | E61: New Etching Chemical Diammonium Cerium | G61: 46266 | H61: =EDATE(G61,11) -> 46600
B62: AME25-073 | C62: Wet Etching | D62: XWP | E62: New Etching Chemical Agua Regia | G62: 46204 | H62: =EDATE(G62,11) -> 46539
B63: AME25-074 | C63: Visual Inspection | D63: XCI | E63: Auto Visual 3 | G63: 46204 | H63: =EDATE(G63,11) -> 46539
B64: AME25-075 | C64: Wet Etching | D64: XWP | E64: Au Eching Time Reduction | G64: 46296 | H64: =EDATE(G64,11) -> 46631
B65: AME25-076 | C65: Wet Etching | D65: XWP | E65: TiW Eching Time Reduction | G65: 46327 | H65: =EDATE(G65,11) -> 46661
B66: AME25-077 | C66: Wet Etching | D66: XWP | E66: NiCr Eching Time Reduction | G66: 46357 | H66: =EDATE(G66,11) -> 46692
... B83: AME25-094 | C83: Wafer Saw Dicing | D83: XCD | E83: Tape Dicing 7 | G83: 46388 | H83: =EDATE(G83,11) -> 46722
B84: AME25-095 | C84: Visual Inspection | D84: XCI | E84: Auto Visual Adjustment | G84: 46296 | H84: =EDATE(G84,11) -> 46631 | I84: Added
B85: AME25-096 | C85: Wafer Saw Dicing | D85: XCD | E85: Dicing Speed increase

Sheet Data_Model
Q1: 46023 | R1: 46054 | S1: 46082 | T1: 46113 | U1: 46143 | V1: 46174 | W1: 46204 | X1: 46235 | Y1: 46266 | Z1: 46296 | AA1: 46327 | AB1: 46357
A2: CODE 1 | B2: CODE 2 | C2: Project Number | D2: Part Number | E2: VAM-REC | F2: Start Date | G2: End Date | H2: VC Project | I2: Category | J2: Project Name | K2: Labor Saving | L2: Yield Saving | M2: Material Saving | N2: OH Saving | O2: Total Saving | P2: Status | Q2: Jan | R2: Feb | S2: Mar | T2: Apr | U2: May | V2: Jun | W2: Jul | X2: Aug | Y2: Sep | Z2: Oct | AA2: Nov | AB2: Dec | AC2: Calendar Volume2 | AD2: Jan_CSV | AE2: Feb_CSV | AF2: Mar_CSV | AG2: Apr_CSV | AH2: May_CSV | AI2: Jun_CSV | AJ2: Jul_CSV | AK2: Aug_CSV | AL2: Sep_CSV | AM2: Oct_CSV | AN2: Nov_CSV | AO2: Dec_CSV | AP2: Cal_Q1 Saving | AQ2: Cal_Q2 Saving | AR2: Cal_Q3 Saving | AS2: Cal_Q4 Saving | AT2: Column4 | AU2: Labor_CSV | AV2: Yield_CSV | AW2: Material_CSV | AX2: OH_CSV | AY2: Total__CSV | AZ2: Jan_AVF | BA2: Feb_AVF | BB2: Mar_AVF | BC2: Apr_AVF | BD2: May_AVF | BE2: Jun_AVF | BF2: Jul_AVF | BG2: Aug_AVF | BH2: Sep_AVF | BI2: Oct_AVF | BJ2: Nov_AVF | BK2: Dec_AVF | BL2: Annual Volume | BM2: Jan_ASV | BN2: Feb_ASV | BO2: Mar_ASV | BP2: Apr_ASV | BQ2: May_ASV | BR2: Jun_ASV | BS2: Jul_ASV | BT2: Aug_ASV | BU2: Sep_ASV | BV2: Oct_ASV | BW2: Nov_ASV | BX2: Dec_ASV | BY2: Ann_Q1 Saving | BZ2: Ann_Q2 Saving | CA2: Ann_Q3 Saving | CB2: Ann_Q4 Saving | CC2: Labor_ASV | CD2: Yield_ASV | CE2: Material_ASV | CF2: OH_ASV | CG2: Total_ASV
A3: =Table1[[#This Row],[Project Name]]&Table1[[#This Row],[Part Number]] -> TiW Target Supplier YR54 | B3: =IFERROR(Table1[[#This Row],[Project Number]]&Table1[[#This Row],[Part Number]],"") -> AME25-001R54 | C3: AME25-001 | D3: R54 | E3: REC | F3: =INDEX(Proj_Reg!G:G,MATCH($C3,Proj_Reg!$B:$B,0),1) -> 45717 | G3: =INDEX(Proj_Reg!H:H,MATCH($C3,Proj_Reg!$B:$B,0),1) -> 46054 | H3: =IF(INDEX(Proj_Reg!C:C,MATCH($C3,Proj_Reg!$B:$B,0),1)=0,"",INDEX(Proj_Reg!C:C,MATCH($C3,Proj_Reg!$B:$B,0),1)) -> Sputtering | I3: =IF(INDEX(Proj_Reg!D:D,MATCH($C3,Proj_Reg!$B:$B,0),1)=0,"",INDEX(Proj_Reg!D:D,MATCH($C3,Proj_Reg!$B:$B,0),1)) -> XWP | J3: =INDEX(Proj_Reg!E:E,MATCH($C3,Proj_Reg!$B:$B,0),1) -> TiW Target Supplier Y | K3: 0.01164 | L3: 0 | M3: 0.0074019243 | N3: 0 | O3: =SUM(Table1[[#This Row],[Labor Saving]:[OH Saving]]) -> 0.019041924 | Q3: =IFERROR(IF($F3=Q$1,0.3,IF(AND(Q$1>$F3,Q$1<=$G3),100%,0))*AZ3,"") -> 1421660 | R3: =IFERROR(IF($F3=R$1,0.3,IF(AND(R$1>$F3,R$1<=$G3),100%,0))*BA3,"") -> 1201487 | S3: =IFERROR(IF($F3=S$1,0.3,IF(AND(S$1>$F3,S$1<=$G3),100%,0))*BB3,"") -> 0 | T3: =IFERROR(IF($F3=T$1,0.3,IF(AND(T$1>$F3,T$1<=$G3),100%,0))*BC3,"") -> 0 | U3: =IFERROR(IF($F3=U$1,0.3,IF(AND(U$1>$F3,U$1<=$G3),100%,0))*BD3,"") -> 0 | V3: =IFERROR(IF($F3=V$1,0.3,IF(AND(V$1>$F3,V$1<=$G3),100%,0))*BE3,"") -> 0 | W3: =IFERROR(IF($F3=W$1,0.3,IF(AND(W$1>$F3,W$1<=$G3),100%,0))*BF3,"") -> 0 | X3: =IFERROR(IF($F3=X$1,0.3,IF(AND(X$1>$F3,X$1<=$G3),100%,0))*BG3,"") -> 0 | Y3: =IFERROR(IF($F3=Y$1,0.7,IF(AND(Y$1>$F3,Y$1<=$G3),100%,0))*BH3,"") -> 0 | Z3: =IFERROR(IF($F3=Z$1,0.3,IF(AND(Z$1>$F3,Z$1<=$G3),100%,0))*BI3,"") -> 0 | AA3: =IFERROR(IF($F3=AA$1,0.3,IF(AND(AA$1>$F3,AA$1<=$G3),100%,0))*BJ3,"") -> 0 | AB3: =IFERROR(IF($F3=AB$1,0.3,IF(AND(AB$1>$F3,AB$1<=$G3),100%,0))*BK3,"") -> 0 | AC3: =SUM(Table1[[#This Row],[Jan]:[Dec]]) -> 2623147 | AD3: =IFERROR($O3*Q3,"") -> 27071.142 | AE3: =IFERROR($O3*R3,"") -> 22878.624 | AF3: =IFERROR($O3*S3,"") -> 0 | AG3: =IFERROR($O3*T3,"") -> 0 | AH3: =IFERROR($O3*U3,"") -> 0 | AI3: =IFERROR($O3*V3,"") -> 0 | AJ3: =IFERROR($O3*W3,"") -> 0 | AK3: =IFERROR($O3*X3,"") -> 0 | ... AO3: =IFERROR($O3*AB3,"") -> 0 | AP3: =SUM(AD3:AF3) -> 49949.766 | AQ3: =SUM(AG3:AI3) -> 0 | AR3: =SUM(AJ3:AL3) -> 0 | AS3: =SUM(AM3:AO3) -> 0 | AT3: =SUM(AD3:AO3)=SUM(AP3:AS3) -> TRUE | AU3: =IFERROR(K3*SUM($Q3:$AB3),"") -> 30533.431 | AV3: =IFERROR(L3*SUM($Q3:$AB3),"") -> 0 | AW3: =IFERROR(M3*SUM($Q3:$AB3),"") -> 19416.335 | AX3: =IFERROR(N3*SUM($Q3:$AB3),"") -> 0 | AY3: =SUM(AU3:AX3) -> 49949.766 | AZ3: =IFERROR(IF($E3="REC",INDEX(A_Type_Volume!$B:$B,MATCH($D3,A_Type_Volume!$A:$A,0),1),IF($E3="VAM",INDEX(C_Type_Volume!$B:$B,MATCH($D3,C_Type_Volume!$A:$A,0),1),"X")),"") -> 1421660 | BA3: =IFERROR(IF($E3="REC",INDEX(A_Type_Volume!$C:$C,MATCH($D3,A_Type_Volume!$A:$A,0),1),IF($E3="VAM",INDEX(C_Type_Volume!$C:$C,MATCH($D3,C_Type_Volume!$A:$A,0),1),"X")),"") -> 1201487 | BB3: =IFERROR(IF($E3="REC",INDEX(A_Type_Volume!$D:$D,MATCH($D3,A_Type_Volume!$A:$A,0),1),IF($E3="VAM",INDEX(C_Type_Volume!$D:$D,MATCH($D3,C_Type_Volume!$A:$A,0),1),"X")),"") -> 1261172 | BC3: =IFERROR(IF($E3="REC",INDEX(A_Type_Volume!$E:$E,MATCH($D3,A_Type_Volume!$A:$A,0),1),IF($E3="VAM",INDEX(C_Type_Volume!$E:$E,MATCH($D3,C_Type_Volume!$A:$A,0),1),"X")),"") -> 1290266 | BD3: =IFERROR(IF($E3="REC",INDEX(A_Type_Volume!$F:$F,MATCH($D3,A_Type_Volume!$A:$A,0),1),IF($E3="VAM",INDEX(C_Type_Volume!$F:$F,MATCH($D3,C_Type_Volume!$A:$A,0),1),"X")),"") -> 1531466 | BE3: =IFERROR(IF($E3="REC",INDEX(A_Type_Volume!$G:$G,MATCH($D3,A_Type_Volume!$A:$A,0),1),IF($E3="VAM",INDEX(C_Type_Volume!$G:$G,MATCH($D3,C_Type_Volume!$A:$A,0),1),"X")),"") -> 1259806 | BF3: =IFERROR(IF($E3="REC",INDEX(A_Type_Volume!$H:$H,MATCH($D3,A_Type_Volume!$A:$A,0),1),IF($E3="VAM",INDEX(C_Type_Volume!$H:$H,MATCH($D3,C_Type_Volume!$A:$A,0),1),"X")),"") -> 1418923 | BG3: =IFERROR(IF($E3="REC",INDEX(A_Type_Volume!$I:$I,MATCH($D3,A_Type_Volume!$A:$A,0),1),IF($E3="VAM",INDEX(C_Type_Volume!$I:$I,MATCH($D3,C_Type_Volume!$A:$A,0),1),"X")),"") -> 968297 | BH3: =IFERROR(IF($E3="REC",INDEX(A_Type_Volume!$J:$J,MATCH($D3,A_Type_Volume!$A:$A,0),1),IF($E3="VAM",INDEX(C_Type_Volume!$J:$J,MATCH($D3,C_Type_Volume!$A:$A,0),1),"X")),"") -> 1021859 | BI3: =IFERROR(IF($E3="REC",INDEX(A_Type_Volume!$K:$K,MATCH($D3,A_Type_Volume!$A:$A,0),1),IF($E3="VAM",INDEX(C_Type_Volume!$K:$K,MATCH($D3,C_Type_Volume!$A:$A,0),1),"X")),"") -> 960468 | BJ3: =IFERROR(IF($E3="REC",INDEX(A_Type_Volume!$L:$L,MATCH($D3,A_Type_Volume!$A:$A,0),1),IF($E3="VAM",INDEX(C_Type_Volume!$L:$L,MATCH($D3,C_Type_Volume!$A:$A,0),1),"X")),"") -> 876790 | BK3: =IFERROR(IF($E3="REC",INDEX(A_Type_Volume!M:M,MATCH($D3,A_Type_Volume!$A:$A,0),1),IF($E3="VAM",INDEX(C_Type_Volume!M:M,MATCH($D3,C_Type_Volume!$A:$A,0),1),"X")),"") -> 704324 | BL3: =SUM(Table1[[#This Row],[Jan_AVF]:[Dec_AVF]]) -> 13916518 | BM3: =AZ3*$O3 -> 27071.142 | BN3: =BA3*$O3 -> 22878.624 | BO3: =BB3*$O3 -> 24015.142 | BP3: =BC3*$O3 -> 24569.147 | BQ3: =BD3*$O3 -> 29162.06 | BR3: =BE3*$O3 -> 23989.13 | BS3: =BF3*$O3 -> 27019.024 | BT3: =BG3*$O3 -> 18438.238 | ... BX3: =BK3*$O3 -> 13411.684 | BY3: =IFERROR(SUM(BM3:BO3),"") -> 73964.908 | BZ3: =IFERROR(SUM(BP3:BR3),"") -> 77720.337 | CA3: =IFERROR(SUM(BS3:BU3),"") -> 64915.424 | CB3: =IFERROR(SUM(BV3:BX3),"") -> 48396.612 | CC3: =IFERROR(Table1[[#This Row],[Labor Saving]]*Table1[[#This Row],[Annual Volume]],"") -> 161988.27 | CD3: =IFERROR(Table1[[#This Row],[Annual Volume]]*Table1[[#This Row],[Yield Saving]],"") -> 0 | CE3: =IFERROR(Table1[[#This Row],[Annual Volume]]*Table1[[#This Row],[Material Saving]],"") -> 103009.01 | CF3: =IFERROR(Table1[[#This Row],[OH Saving]]*Table1[[#This Row],[Annual Volume]],"") -> 0 | CG3: =SUM(Table1[[#This Row],[Labor_ASV]:[OH_ASV]]) -> 264997.28
A4: =Table1[[#This Row],[Project Name]]&Table1[[#This Row],[Part Number]] -> TiW Target Supplier XR52 | B4: =IFERROR(Table1[[#This Row],[Project Number]]&Table1[[#This Row],[Part Number]],"") -> AME25-002R52 | C4: AME25-002 | D4: R52 | E4: REC | F4: =INDEX(Proj_Reg!G:G,MATCH($C4,Proj_Reg!$B:$B,0),1) -> 45778 | G4: =INDEX(Proj_Reg!H:H,MATCH($C4,Proj_Reg!$B:$B,0),1) -> 46113 | H4: =IF(INDEX(Proj_Reg!C:C,MATCH($C4,Proj_Reg!$B:$B,0),1)=0,"",INDEX(Proj_Reg!C:C,MATCH($C4,Proj_Reg!$B:$B,0),1)) -> Sputtering | I4: =IF(INDEX(Proj_Reg!D:D,MATCH($C4,Proj_Reg!$B:$B,0),1)=0,"",INDEX(Proj_Reg!D:D,MATCH($C4,Proj_Reg!$B:$B,0),1)) -> XWP | J4: =INDEX(Proj_Reg!E:E,MATCH($C4,Proj_Reg!$B:$B,0),1) -> TiW Target Supplier X | K4: 0.012390558 | L4: 0 | M4: 0.013319222 | N4: 0 | O4: =SUM(Table1[[#This Row],[Labor Saving]:[OH Saving]]) -> 0.02570978 | Q4: =IFERROR(IF($F4=Q$1,0.3,IF(AND(Q$1>$F4,Q$1<=$G4),100%,0))*AZ4,"") -> 632256 | R4: =IFERROR(IF($F4=R$1,0.3,IF(AND(R$1>$F4,R$1<=$G4),100%,0))*BA4,"") -> 734887 | S4: =IFERROR(IF($F4=S$1,0.3,IF(AND(S$1>$F4,S$1<=$G4),100%,0))*BB4,"") -> 743478 | T4: =IFERROR(IF($F4=T$1,0.3,IF(AND(T$1>$F4,T$1<=$G4),100%,0))*BC4,"") -> 625525 | U4: =IFERROR(IF($F4=U$1,0.3,IF(AND(U$1>$F4,U$1<=$G4),100%,0))*BD4,"") -> 0 | V4: =IFERROR(IF($F4=V$1,0.3,IF(AND(V$1>$F4,V$1<=$G4),100%,0))*BE4,"") -> 0 | W4: =IFERROR(IF($F4=W$1,0.3,IF(AND(W$1>$F4,W$1<=$G4),100%,0))*BF4,"") -> 0 | X4: =IFERROR(IF($F4=X$1,0.3,IF(AND(X$1>$F4,X$1<=$G4),100%,0))*BG4,"") -> 0 | Y4: =IFERROR(IF($F4=Y$1,0.7,IF(AND(Y$1>$F4,Y$1<=$G4),100%,0))*BH4,"") -> 0 | Z4: =IFERROR(IF($F4=Z$1,0.3,IF(AND(Z$1>$F4,Z$1<=$G4),100%,0))*BI4,"") -> 0 | AA4: =IFERROR(IF($F4=AA$1,0.3,IF(AND(AA$1>$F4,AA$1<=$G4),100%,0))*BJ4,"") -> 0 | AB4: =IFERROR(IF($F4=AB$1,0.3,IF(AND(AB$1>$F4,AB$1<=$G4),100%,0))*BK4,"") -> 0 | AC4: =SUM(Table1[[#This Row],[Jan]:[Dec]]) -> 2736146 | AD4: =IFERROR($O4*Q4,"") -> 16255.162 | AE4: =IFERROR($O4*R4,"") -> 18893.783 | AF4: =IFERROR($O4*S4,"") -> 19114.656 | AG4: =IFERROR($O4*T4,"") -> 16082.11 | AH4: =IFERROR($O4*U4,"") -> 0 | AI4: =IFERROR($O4*V4,"") -> 0 | AJ4: =IFERROR($O4*W4,"") -> 0 | AK4: =IFERROR($O4*X4,"") -> 0 | ... AO4: =IFERROR($O4*AB4,"") -> 0 | AP4: =SUM(AD4:AF4) -> 54263.601 | AQ4: =SUM(AG4:AI4) -> 16082.11 | AR4: =SUM(AJ4:AL4) -> 0 | AS4: =SUM(AM4:AO4) -> 0 | AT4: =SUM(AD4:AO4)=SUM(AP4:AS4) -> TRUE | AU4: =IFERROR(K4*SUM($Q4:$AB4),"") -> 33902.376 | AV4: =IFERROR(L4*SUM($Q4:$AB4),"") -> 0 | AW4: =IFERROR(M4*SUM($Q4:$AB4),"") -> 36443.335 | AX4: =IFERROR(N4*SUM($Q4:$AB4),"") -> 0 | AY4: =SUM(AU4:AX4) -> 70345.711 | AZ4: =IFERROR(IF($E4="REC",INDEX(A_Type_Volume!$B:$B,MATCH($D4,A_Type_Volume!$A:$A,0),1),IF($E4="VAM",INDEX(C_Type_Volume!$B:$B,MATCH($D4,C_Type_Volume!$A:$A,0),1),"X")),"") -> 632256 | BA4: =IFERROR(IF($E4="REC",INDEX(A_Type_Volume!$C:$C,MATCH($D4,A_Type_Volume!$A:$A,0),1),IF($E4="VAM",INDEX(C_Type_Volume!$C:$C,MATCH($D4,C_Type_Volume!$A:$A,0),1),"X")),"") -> 734887 | BB4: =IFERROR(IF($E4="REC",INDEX(A_Type_Volume!$D:$D,MATCH($D4,A_Type_Volume!$A:$A,0),1),IF($E4="VAM",INDEX(C_Type_Volume!$D:$D,MATCH($D4,C_Type_Volume!$A:$A,0),1),"X")),"") -> 743478 | BC4: =IFERROR(IF($E4="REC",INDEX(A_Type_Volume!$E:$E,MATCH($D4,A_Type_Volume!$A:$A,0),1),IF($E4="VAM",INDEX(C_Type_Volume!$E:$E,MATCH($D4,C_Type_Volume!$A:$A,0),1),"X")),"") -> 625525 | BD4: =IFERROR(IF($E4="REC",INDEX(A_Type_Volume!$F:$F,MATCH($D4,A_Type_Volume!$A:$A,0),1),IF($E4="VAM",INDEX(C_Type_Volume!$F:$F,MATCH($D4,C_Type_Volume!$A:$A,0),1),"X")),"") -> 713514 | BE4: =IFERROR(IF($E4="REC",INDEX(A_Type_Volume!$G:$G,MATCH($D4,A_Type_Volume!$A:$A,0),1),IF($E4="VAM",INDEX(C_Type_Volume!$G:$G,MATCH($D4,C_Type_Volume!$A:$A,0),1),"X")),"") -> 727708 | BF4: =IFERROR(IF($E4="REC",INDEX(A_Type_Volume!$H:$H,MATCH($D4,A_Type_Volume!$A:$A,0),1),IF($E4="VAM",INDEX(C_Type_Volume!$H:$H,MATCH($D4,C_Type_Volume!$A:$A,0),1),"X")),"") -> 691684 | BG4: =IFERROR(IF($E4="REC",INDEX(A_Type_Volume!$I:$I,MATCH($D4,A_Type_Volume!$A:$A,0),1),IF($E4="VAM",INDEX(C_Type_Volume!$I:$I,MATCH($D4,C_Type_Volume!$A:$A,0),1),"X")),"") -> 534040 | BH4: =IFERROR(IF($E4="REC",INDEX(A_Type_Volume!$J:$J,MATCH($D4,A_Type_Volume!$A:$A,0),1),IF($E4="VAM",INDEX(C_Type_Volume!$J:$J,MATCH($D4,C_Type_Volume!$A:$A,0),1),"X")),"") -> 637583 | BI4: =IFERROR(IF($E4="REC",INDEX(A_Type_Volume!$K:$K,MATCH($D4,A_Type_Volume!$A:$A,0),1),IF($E4="VAM",INDEX(C_Type_Volume!$K:$K,MATCH($D4,C_Type_Volume!$A:$A,0),1),"X")),"") -> 584430 | BJ4: =IFERROR(IF($E4="REC",INDEX(A_Type_Volume!$L:$L,MATCH($D4,A_Type_Volume!$A:$A,0),1),IF($E4="VAM",INDEX(C_Type_Volume!$L:$L,MATCH($D4,C_Type_Volume!$A:$A,0),1),"X")),"") -> 459465 | BK4: =IFERROR(IF($E4="REC",INDEX(A_Type_Volume!M:M,MATCH($D4,A_Type_Volume!$A:$A,0),1),IF($E4="VAM",INDEX(C_Type_Volume!M:M,MATCH($D4,C_Type_Volume!$A:$A,0),1),"X")),"") -> 454091 | BL4: =SUM(Table1[[#This Row],[Jan_AVF]:[Dec_AVF]]) -> 7538661 | BM4: =AZ4*$O4 -> 16255.162 | BN4: =BA4*$O4 -> 18893.783 | BO4: =BB4*$O4 -> 19114.656 | BP4: =BC4*$O4 -> 16082.11 | BQ4: =BD4*$O4 -> 18344.288 | BR4: =BE4*$O4 -> 18709.212 | BS4: =BF4*$O4 -> 17783.043 | BT4: =BG4*$O4 -> 13730.051 | ... BX4: =BK4*$O4 -> 11674.58 | BY4: =IFERROR(SUM(BM4:BO4),"") -> 54263.601 | BZ4: =IFERROR(SUM(BP4:BR4),"") -> 53135.61 | CA4: =IFERROR(SUM(BS4:BU4),"") -> 47905.213 | CB4: =IFERROR(SUM(BV4:BX4),"") -> 38512.89 | CC4: =IFERROR(Table1[[#This Row],[Labor Saving]]*Table1[[#This Row],[Annual Volume]],"") -> 93408.217 | CD4: =IFERROR(Table1[[#This Row],[Annual Volume]]*Table1[[#This Row],[Yield Saving]],"") -> 0 | CE4: =IFERROR(Table1[[#This Row],[Annual Volume]]*Table1[[#This Row],[Material Saving]],"") -> 100409.1 | CF4: =IFERROR(Table1[[#This Row],[OH Saving]]*Table1[[#This Row],[Annual Volume]],"") -> 0 | CG4: =SUM(Table1[[#This Row],[Labor_ASV]:[OH_ASV]]) -> 193817.31
A5: =Table1[[#This Row],[Project Name]]&Table1[[#This Row],[Part Number]] -> Aut Visual 2V3 | B5: =IFERROR(Table1[[#This Row],[Project Number]]&Table1[[#This Row],[Part Number]],"") -> AME25-066V3 | C5: AME25-066 | D5: V3 | E5: VAM | F5: =INDEX(Proj_Reg!G:G,MATCH($C5,Proj_Reg!$B:$B,0),1) -> 46174 | G5: =INDEX(Proj_Reg!H:H,MATCH($C5,Proj_Reg!$B:$B,0),1) -> 46508 | H5: =IF(INDEX(Proj_Reg!C:C,MATCH($C5,Proj_Reg!$B:$B,0),1)=0,"",INDEX(Proj_Reg!C:C,MATCH($C5,Proj_Reg!$B:$B,0),1)) -> Visual Inspection | I5: =IF(INDEX(Proj_Reg!D:D,MATCH($C5,Proj_Reg!$B:$B,0),1)=0,"",INDEX(Proj_Reg!D:D,MATCH($C5,Proj_Reg!$B:$B,0),1)) -> XCI | J5: =INDEX(Proj_Reg!E:E,MATCH($C5,Proj_Reg!$B:$B,0),1) -> Aut Visual 2 | K5: 0 | L5: 0 | M5: 0.125 | N5: 0 | O5: =SUM(Table1[[#This Row],[Labor Saving]:[OH Saving]]) -> 0.125 | Q5: =IFERROR(IF($F5=Q$1,0.3,IF(AND(Q$1>$F5,Q$1<=$G5),100%,0))*AZ5,"") -> 0 | R5: =IFERROR(IF($F5=R$1,0.3,IF(AND(R$1>$F5,R$1<=$G5),100%,0))*BA5,"") -> 0 | S5: =IFERROR(IF($F5=S$1,0.3,IF(AND(S$1>$F5,S$1<=$G5),100%,0))*BB5,"") -> 0 | T5: =IFERROR(IF($F5=T$1,0.3,IF(AND(T$1>$F5,T$1<=$G5),100%,0))*BC5,"") -> 0 | U5: =IFERROR(IF($F5=U$1,0.3,IF(AND(U$1>$F5,U$1<=$G5),100%,0))*BD5,"") -> 0 | V5: =IFERROR(IF($F5=V$1,0.3,IF(AND(V$1>$F5,V$1<=$G5),100%,0))*BE5,"") -> 243498 | W5: =IFERROR(IF($F5=W$1,0.3,IF(AND(W$1>$F5,W$1<=$G5),100%,0))*BF5,"") -> 845291 | X5: =IFERROR(IF($F5=X$1,0.3,IF(AND(X$1>$F5,X$1<=$G5),100%,0))*BG5,"") -> 777804 | Y5: =IFERROR(IF($F5=Y$1,0.7,IF(AND(Y$1>$F5,Y$1<=$G5),100%,0))*BH5,"") -> 845376 | Z5: =IFERROR(IF($F5=Z$1,0.3,IF(AND(Z$1>$F5,Z$1<=$G5),100%,0))*BI5,"") -> 879191 | AA5: =IFERROR(IF($F5=AA$1,0.3,IF(AND(AA$1>$F5,AA$1<=$G5),100%,0))*BJ5,"") -> 811677 | AB5: =IFERROR(IF($F5=AB$1,0.3,IF(AND(AB$1>$F5,AB$1<=$G5),100%,0))*BK5,"") -> 568675 | AC5: =SUM(Table1[[#This Row],[Jan]:[Dec]]) -> 4971512 | AD5: =IFERROR($O5*Q5,"") -> 0 | AE5: =IFERROR($O5*R5,"") -> 0 | AF5: =IFERROR($O5*S5,"") -> 0 | AG5: =IFERROR($O5*T5,"") -> 0 | AH5: =IFERROR($O5*U5,"") -> 0 | AI5: =IFERROR($O5*V5,"") -> 30437.25 | AJ5: =IFERROR($O5*W5,"") -> 105661.38 | AK5: =IFERROR($O5*X5,"") -> 97225.5 | ... AO5: =IFERROR($O5*AB5,"") -> 71084.375 | AP5: =SUM(AD5:AF5) -> 0 | AQ5: =SUM(AG5:AI5) -> 30437.25 | AR5: =SUM(AJ5:AL5) -> 308558.88 | AS5: =SUM(AM5:AO5) -> 282442.88 | AT5: =SUM(AD5:AO5)=SUM(AP5:AS5) -> TRUE | AU5: =IFERROR(K5*SUM($Q5:$AB5),"") -> 0 | AV5: =IFERROR(L5*SUM($Q5:$AB5),"") -> 0 | AW5: =IFERROR(M5*SUM($Q5:$AB5),"") -> 621439 | AX5: =IFERROR(N5*SUM($Q5:$AB5),"") -> 0 | AY5: =SUM(AU5:AX5) -> 621439 | AZ5: =IFERROR(IF($E5="REC",INDEX(A_Type_Volume!$B:$B,MATCH($D5,A_Type_Volume!$A:$A,0),1),IF($E5="VAM",INDEX(C_Type_Volume!$B:$B,MATCH($D5,C_Type_Volume!$A:$A,0),1),"X")),"") -> 683202 | BA5: =IFERROR(IF($E5="REC",INDEX(A_Type_Volume!$C:$C,MATCH($D5,A_Type_Volume!$A:$A,0),1),IF($E5="VAM",INDEX(C_Type_Volume!$C:$C,MATCH($D5,C_Type_Volume!$A:$A,0),1),"X")),"") -> 667394 | BB5: =IFERROR(IF($E5="REC",INDEX(A_Type_Volume!$D:$D,MATCH($D5,A_Type_Volume!$A:$A,0),1),IF($E5="VAM",INDEX(C_Type_Volume!$D:$D,MATCH($D5,C_Type_Volume!$A:$A,0),1),"X")),"") -> 652384 | BC5: =IFERROR(IF($E5="REC",INDEX(A_Type_Volume!$E:$E,MATCH($D5,A_Type_Volume!$A:$A,0),1),IF($E5="VAM",INDEX(C_Type_Volume!$E:$E,MATCH($D5,C_Type_Volume!$A:$A,0),1),"X")),"") -> 743928 | BD5: =IFERROR(IF($E5="REC",INDEX(A_Type_Volume!$F:$F,MATCH($D5,A_Type_Volume!$A:$A,0),1),IF($E5="VAM",INDEX(C_Type_Volume!$F:$F,MATCH($D5,C_Type_Volume!$A:$A,0),1),"X")),"") -> 811604 | BE5: =IFERROR(IF($E5="REC",INDEX(A_Type_Volume!$G:$G,MATCH($D5,A_Type_Volume!$A:$A,0),1),IF($E5="VAM",INDEX(C_Type_Volume!$G:$G,MATCH($D5,C_Type_Volume!$A:$A,0),1),"X")),"") -> 811660 | BF5: =IFERROR(IF($E5="REC",INDEX(A_Type_Volume!$H:$H,MATCH($D5,A_Type_Volume!$A:$A,0),1),IF($E5="VAM",INDEX(C_Type_Volume!$H:$H,MATCH($D5,C_Type_Volume!$A:$A,0),1),"X")),"") -> 845291 | BG5: =IFERROR(IF($E5="REC",INDEX(A_Type_Volume!$I:$I,MATCH($D5,A_Type_Volume!$A:$A,0),1),IF($E5="VAM",INDEX(C_Type_Volume!$I:$I,MATCH($D5,C_Type_Volume!$A:$A,0),1),"X")),"") -> 777804 | BH5: =IFERROR(IF($E5="REC",INDEX(A_Type_Volume!$J:$J,MATCH($D5,A_Type_Volume!$A:$A,0),1),IF($E5="VAM",INDEX(C_Type_Volume!$J:$J,MATCH($D5,C_Type_Volume!$A:$A,0),1),"X")),"") -> 845376 | BI5: =IFERROR(IF($E5="REC",INDEX(A_Type_Volume!$K:$K,MATCH($D5,A_Type_Volume!$A:$A,0),1),IF($E5="VAM",INDEX(C_Type_Volume!$K:$K,MATCH($D5,C_Type_Volume!$A:$A,0),1),"X")),"") -> 879191 | BJ5: =IFERROR(IF($E5="REC",INDEX(A_Type_Volume!$L:$L,MATCH($D5,A_Type_Volume!$A:$A,0),1),IF($E5="VAM",INDEX(C_Type_Volume!$L:$L,MATCH($D5,C_Type_Volume!$A:$A,0),1),"X")),"") -> 811677 | BK5: =IFERROR(IF($E5="REC",INDEX(A_Type_Volume!M:M,MATCH($D5,A_Type_Volume!$A:$A,0),1),IF($E5="VAM",INDEX(C_Type_Volume!M:M,MATCH($D5,C_Type_Volume!$A:$A,0),1),"X")),"") -> 568675 | BL5: =SUM(Table1[[#This Row],[Jan_AVF]:[Dec_AVF]]) -> 9098186 | BM5: =AZ5*$O5 -> 85400.25 | BN5: =BA5*$O5 -> 83424.25 | BO5: =BB5*$O5 -> 81548 | BP5: =BC5*$O5 -> 92991 | BQ5: =BD5*$O5 -> 101450.5 | BR5: =BE5*$O5 -> 101457.5 | BS5: =BF5*$O5 -> 105661.38 | BT5: =BG5*$O5 -> 97225.5 | ... BX5: =BK5*$O5 -> 71084.375 | BY5: =IFERROR(SUM(BM5:BO5),"") -> 250372.5 | BZ5: =IFERROR(SUM(BP5:BR5),"") -> 295899 | CA5: =IFERROR(SUM(BS5:BU5),"") -> 308558.88 | CB5: =IFERROR(SUM(BV5:BX5),"") -> 282442.88 | CC5: =IFERROR(Table1[[#This Row],[Labor Saving]]*Table1[[#This Row],[Annual Volume]],"") -> 0 | CD5: =IFERROR(Table1[[#This Row],[Annual Volume]]*Table1[[#This Row],[Yield Saving]],"") -> 0 | CE5: =IFERROR(Table1[[#This Row],[Annual Volume]]*Table1[[#This Row],[Material Saving]],"") -> 1137273.2 | CF5: =IFERROR(Table1[[#This Row],[OH Saving]]*Table1[[#This Row],[Annual Volume]],"") -> 0 | CG5: =SUM(Table1[[#This Row],[Labor_ASV]:[OH_ASV]]) -> 1137273.2
A6: =Table1[[#This Row],[Project Name]]&Table1[[#This Row],[Part Number]] -> Aut Visual 2V4 | B6: =IFERROR(Table1[[#This Row],[Project Number]]&Table1[[#This Row],[Part Number]],"") -> AME25-066V4 | C6: AME25-066 | D6: V4 | E6: VAM | F6: =INDEX(Proj_Reg!G:G,MATCH($C6,Proj_Reg!$B:$B,0),1) -> 46174 | G6: =INDEX(Proj_Reg!H:H,MATCH($C6,Proj_Reg!$B:$B,0),1) -> 46508 | H6: =IF(INDEX(Proj_Reg!C:C,MATCH($C6,Proj_Reg!$B:$B,0),1)=0,"",INDEX(Proj_Reg!C:C,MATCH($C6,Proj_Reg!$B:$B,0),1)) -> Visual Inspection | I6: =IF(INDEX(Proj_Reg!D:D,MATCH($C6,Proj_Reg!$B:$B,0),1)=0,"",INDEX(Proj_Reg!D:D,MATCH($C6,Proj_Reg!$B:$B,0),1)) -> XCI | J6: =INDEX(Proj_Reg!E:E,MATCH($C6,Proj_Reg!$B:$B,0),1) -> Aut Visual 2 | K6: 0 | L6: 0 | M6: 0.125 | N6: 0 | O6: =SUM(Table1[[#This Row],[Labor Saving]:[OH Saving]]) -> 0.125 | Q6: =IFERROR(IF($F6=Q$1,0.3,IF(AND(Q$1>$F6,Q$1<=$G6),100%,0))*AZ6,"") -> 0 | R6: =IFERROR(IF($F6=R$1,0.3,IF(AND(R$1>$F6,R$1<=$G6),100%,0))*BA6,"") -> 0 | S6: =IFERROR(IF($F6=S$1,0.3,IF(AND(S$1>$F6,S$1<=$G6),100%,0))*BB6,"") -> 0 | T6: =IFERROR(IF($F6=T$1,0.3,IF(AND(T$1>$F6,T$1<=$G6),100%,0))*BC6,"") -> 0 | U6: =IFERROR(IF($F6=U$1,0.3,IF(AND(U$1>$F6,U$1<=$G6),100%,0))*BD6,"") -> 0 | V6: =IFERROR(IF($F6=V$1,0.3,IF(AND(V$1>$F6,V$1<=$G6),100%,0))*BE6,"") -> 242502 | W6: =IFERROR(IF($F6=W$1,0.3,IF(AND(W$1>$F6,W$1<=$G6),100%,0))*BF6,"") -> 842209 | X6: =IFERROR(IF($F6=X$1,0.3,IF(AND(X$1>$F6,X$1<=$G6),100%,0))*BG6,"") -> 774696 | Y6: =IFERROR(IF($F6=Y$1,0.7,IF(AND(Y$1>$F6,Y$1<=$G6),100%,0))*BH6,"") -> 842124 | Z6: =IFERROR(IF($F6=Z$1,0.3,IF(AND(Z$1>$F6,Z$1<=$G6),100%,0))*BI6,"") -> 875809 | AA6: =IFERROR(IF($F6=AA$1,0.3,IF(AND(AA$1>$F6,AA$1<=$G6),100%,0))*BJ6,"") -> 808323 | AB6: =IFERROR(IF($F6=AB$1,0.3,IF(AND(AB$1>$F6,AB$1<=$G6),100%,0))*BK6,"") -> 566675 | AC6: =SUM(Table1[[#This Row],[Jan]:[Dec]]) -> 4952338 | AD6: =IFERROR($O6*Q6,"") -> 0 | AE6: =IFERROR($O6*R6,"") -> 0 | AF6: =IFERROR($O6*S6,"") -> 0 | AG6: =IFERROR($O6*T6,"") -> 0 | AH6: =IFERROR($O6*U6,"") -> 0 | AI6: =IFERROR($O6*V6,"") -> 30312.75 | AJ6: =IFERROR($O6*W6,"") -> 105276.12 | AK6: =IFERROR($O6*X6,"") -> 96837 | ... AO6: =IFERROR($O6*AB6,"") -> 70834.375 | AP6: =SUM(AD6:AF6) -> 0 | AQ6: =SUM(AG6:AI6) -> 30312.75 | AR6: =SUM(AJ6:AL6) -> 307378.62 | AS6: =SUM(AM6:AO6) -> 281350.88 | AT6: =SUM(AD6:AO6)=SUM(AP6:AS6) -> TRUE | AU6: =IFERROR(K6*SUM($Q6:$AB6),"") -> 0 | AV6: =IFERROR(L6*SUM($Q6:$AB6),"") -> 0 | AW6: =IFERROR(M6*SUM($Q6:$AB6),"") -> 619042.25 | AX6: =IFERROR(N6*SUM($Q6:$AB6),"") -> 0 | AY6: =SUM(AU6:AX6) -> 619042.25 | AZ6: =IFERROR(IF($E6="REC",INDEX(A_Type_Volume!$B:$B,MATCH($D6,A_Type_Volume!$A:$A,0),1),IF($E6="VAM",INDEX(C_Type_Volume!$B:$B,MATCH($D6,C_Type_Volume!$A:$A,0),1),"X")),"") -> 713167 | BA6: =IFERROR(IF($E6="REC",INDEX(A_Type_Volume!$C:$C,MATCH($D6,A_Type_Volume!$A:$A,0),1),IF($E6="VAM",INDEX(C_Type_Volume!$C:$C,MATCH($D6,C_Type_Volume!$A:$A,0),1),"X")),"") -> 603260 | BB6: =IFERROR(IF($E6="REC",INDEX(A_Type_Volume!$D:$D,MATCH($D6,A_Type_Volume!$A:$A,0),1),IF($E6="VAM",INDEX(C_Type_Volume!$D:$D,MATCH($D6,C_Type_Volume!$A:$A,0),1),"X")),"") -> 650377 | BC6: =IFERROR(IF($E6="REC",INDEX(A_Type_Volume!$E:$E,MATCH($D6,A_Type_Volume!$A:$A,0),1),IF($E6="VAM",INDEX(C_Type_Volume!$E:$E,MATCH($D6,C_Type_Volume!$A:$A,0),1),"X")),"") -> 741072 | BD6: =IFERROR(IF($E6="REC",INDEX(A_Type_Volume!$F:$F,MATCH($D6,A_Type_Volume!$A:$A,0),1),IF($E6="VAM",INDEX(C_Type_Volume!$F:$F,MATCH($D6,C_Type_Volume!$A:$A,0),1),"X")),"") -> 808396 | BE6: =IFERROR(IF($E6="REC",INDEX(A_Type_Volume!$G:$G,MATCH($D6,A_Type_Volume!$A:$A,0),1),IF($E6="VAM",INDEX(C_Type_Volume!$G:$G,MATCH($D6,C_Type_Volume!$A:$A,0),1),"X")),"") -> 808340 | BF6: =IFERROR(IF($E6="REC",INDEX(A_Type_Volume!$H:$H,MATCH($D6,A_Type_Volume!$A:$A,0),1),IF($E6="VAM",INDEX(C_Type_Volume!$H:$H,MATCH($D6,C_Type_Volume!$A:$A,0),1),"X")),"") -> 842209 | BG6: =IFERROR(IF($E6="REC",INDEX(A_Type_Volume!$I:$I,MATCH($D6,A_Type_Volume!$A:$A,0),1),IF($E6="VAM",INDEX(C_Type_Volume!$I:$I,MATCH($D6,C_Type_Volume!$A:$A,0),1),"X")),"") -> 774696 | BH6: =IFERROR(IF($E6="REC",INDEX(A_Type_Volume!$J:$J,MATCH($D6,A_Type_Volume!$A:$A,0),1),IF($E6="VAM",INDEX(C_Type_Volume!$J:$J,MATCH($D6,C_Type_Volume!$A:$A,0),1),"X")),"") -> 842124 | BI6: =IFERROR(IF($E6="REC",INDEX(A_Type_Volume!$K:$K,MATCH($D6,A_Type_Volume!$A:$A,0),1),IF($E6="VAM",INDEX(C_Type_Volume!$K:$K,MATCH($D6,C_Type_Volume!$A:$A,0),1),"X")),"") -> 875809 | BJ6: =IFERROR(IF($E6="REC",INDEX(A_Type_Volume!$L:$L,MATCH($D6,A_Type_Volume!$A:$A,0),1),IF($E6="VAM",INDEX(C_Type_Volume!$L:$L,MATCH($D6,C_Type_Volume!$A:$A,0),1),"X")),"") -> 808323 | BK6: =IFERROR(IF($E6="REC",INDEX(A_Type_Volume!M:M,MATCH($D6,A_Type_Volume!$A:$A,0),1),IF($E6="VAM",INDEX(C_Type_Volume!M:M,MATCH($D6,C_Type_Volume!$A:$A,0),1),"X")),"") -> 566675 | BL6: =SUM(Table1[[#This Row],[Jan_AVF]:[Dec_AVF]]) -> 9034448 | BM6: =AZ6*$O6 -> 89145.875 | BN6: =BA6*$O6 -> 75407.5 | BO6: =BB6*$O6 -> 81297.125 | BP6: =BC6*$O6 -> 92634 | BQ6: =BD6*$O6 -> 101049.5 | BR6: =BE6*$O6 -> 101042.5 | BS6: =BF6*$O6 -> 105276.12 | BT6: =BG6*$O6 -> 96837 | ... BX6: =BK6*$O6 -> 70834.375 | BY6: =IFERROR(SUM(BM6:BO6),"") -> 245850.5 | BZ6: =IFERROR(SUM(BP6:BR6),"") -> 294726 | CA6: =IFERROR(SUM(BS6:BU6),"") -> 307378.62 | CB6: =IFERROR(SUM(BV6:BX6),"") -> 281350.88 | CC6: =IFERROR(Table1[[#This Row],[Labor Saving]]*Table1[[#This Row],[Annual Volume]],"") -> 0 | CD6: =IFERROR(Table1[[#This Row],[Annual Volume]]*Table1[[#This Row],[Yield Saving]],"") -> 0 | CE6: =IFERROR(Table1[[#This Row],[Annual Volume]]*Table1[[#This Row],[Material Saving]],"") -> 1129306 | CF6: =IFERROR(Table1[[#This Row],[OH Saving]]*Table1[[#This Row],[Annual Volume]],"") -> 0 | CG6: =SUM(Table1[[#This Row],[Labor_ASV]:[OH_ASV]]) -> 1129306
A7: =Table1[[#This Row],[Project Name]]&Table1[[#This Row],[Part Number]] -> Aut Visual 2V1 | B7: =IFERROR(Table1[[#This Row],[Project Number]]&Table1[[#This Row],[Part Number]],"") -> AME25-066V1 | C7: AME25-066 | D7: V1 | E7: VAM | F7: =INDEX(Proj_Reg!G:G,MATCH($C7,Proj_Reg!$B:$B,0),1) -> 46174 | G7: =INDEX(Proj_Reg!H:H,MATCH($C7,Proj_Reg!$B:$B,0),1) -> 46508 | H7: =IF(INDEX(Proj_Reg!C:C,MATCH($C7,Proj_Reg!$B:$B,0),1)=0,"",INDEX(Proj_Reg!C:C,MATCH($C7,Proj_Reg!$B:$B,0),1)) -> Visual Inspection | I7: =IF(INDEX(Proj_Reg!D:D,MATCH($C7,Proj_Reg!$B:$B,0),1)=0,"",INDEX(Proj_Reg!D:D,MATCH($C7,Proj_Reg!$B:$B,0),1)) -> XCI | J7: =INDEX(Proj_Reg!E:E,MATCH($C7,Proj_Reg!$B:$B,0),1) -> Aut Visual 2 | K7: 0 | L7: 0 | M7: 0.083026776 | N7: 0 | O7: =SUM(Table1[[#This Row],[Labor Saving]:[OH Saving]]) -> 0.083026776 | Q7: =IFERROR(IF($F7=Q$1,0.3,IF(AND(Q$1>$F7,Q$1<=$G7),100%,0))*AZ7,"") -> 0 | R7: =IFERROR(IF($F7=R$1,0.3,IF(AND(R$1>$F7,R$1<=$G7),100%,0))*BA7,"") -> 0 | S7: =IFERROR(IF($F7=S$1,0.3,IF(AND(S$1>$F7,S$1<=$G7),100%,0))*BB7,"") -> 0 | T7: =IFERROR(IF($F7=T$1,0.3,IF(AND(T$1>$F7,T$1<=$G7),100%,0))*BC7,"") -> 0 | U7: =IFERROR(IF($F7=U$1,0.3,IF(AND(U$1>$F7,U$1<=$G7),100%,0))*BD7,"") -> 0 | V7: =IFERROR(IF($F7=V$1,0.3,IF(AND(V$1>$F7,V$1<=$G7),100%,0))*BE7,"") -> 0 | W7: =IFERROR(IF($F7=W$1,0.3,IF(AND(W$1>$F7,W$1<=$G7),100%,0))*BF7,"") -> 0 | X7: =IFERROR(IF($F7=X$1,0.3,IF(AND(X$1>$F7,X$1<=$G7),100%,0))*BG7,"") -> 0 | Y7: =IFERROR(IF($F7=Y$1,0.7,IF(AND(Y$1>$F7,Y$1<=$G7),100%,0))*BH7,"") -> 0 | Z7: =IFERROR(IF($F7=Z$1,0.3,IF(AND(Z$1>$F7,Z$1<=$G7),100%,0))*BI7,"") -> 0 | AA7: =IFERROR(IF($F7=AA$1,0.3,IF(AND(AA$1>$F7,AA$1<=$G7),100%,0))*BJ7,"") -> 0 | AB7: =IFERROR(IF($F7=AB$1,0.3,IF(AND(AB$1>$F7,AB$1<=$G7),100%,0))*BK7,"") -> 0 | AC7: =SUM(Table1[[#This Row],[Jan]:[Dec]]) -> 0 | AD7: =IFERROR($O7*Q7,"") -> 0 | AE7: =IFERROR($O7*R7,"") -> 0 | AF7: =IFERROR($O7*S7,"") -> 0 | AG7: =IFERROR($O7*T7,"") -> 0 | AH7: =IFERROR($O7*U7,"") -> 0 | AI7: =IFERROR($O7*V7,"") -> 0 | AJ7: =IFERROR($O7*W7,"") -> 0 | AK7: =IFERROR($O7*X7,"") -> 0 | ... AO7: =IFERROR($O7*AB7,"") -> 0 | AP7: =SUM(AD7:AF7) -> 0 | AQ7: =SUM(AG7:AI7) -> 0 | AR7: =SUM(AJ7:AL7) -> 0 | AS7: =SUM(AM7:AO7) -> 0 | AT7: =SUM(AD7:AO7)=SUM(AP7:AS7) -> TRUE | AU7: =IFERROR(K7*SUM($Q7:$AB7),"") -> 0 | AV7: =IFERROR(L7*SUM($Q7:$AB7),"") -> 0 | AW7: =IFERROR(M7*SUM($Q7:$AB7),"") -> 0 | AX7: =IFERROR(N7*SUM($Q7:$AB7),"") -> 0 | AY7: =SUM(AU7:AX7) -> 0 | AZ7: =IFERROR(IF($E7="REC",INDEX(A_Type_Volume!$B:$B,MATCH($D7,A_Type_Volume!$A:$A,0),1),IF($E7="VAM",INDEX(C_Type_Volume!$B:$B,MATCH($D7,C_Type_Volume!$A:$A,0),1),"X")),"") -> 149825 | BA7: =IFERROR(IF($E7="REC",INDEX(A_Type_Volume!$C:$C,MATCH($D7,A_Type_Volume!$A:$A,0),1),IF($E7="VAM",INDEX(C_Type_Volume!$C:$C,MATCH($D7,C_Type_Volume!$A:$A,0),1),"X")),"") -> 66806 | BB7: =IFERROR(IF($E7="REC",INDEX(A_Type_Volume!$D:$D,MATCH($D7,A_Type_Volume!$A:$A,0),1),IF($E7="VAM",INDEX(C_Type_Volume!$D:$D,MATCH($D7,C_Type_Volume!$A:$A,0),1),"X")),"") -> 66911 | BC7: =IFERROR(IF($E7="REC",INDEX(A_Type_Volume!$E:$E,MATCH($D7,A_Type_Volume!$A:$A,0),1),IF($E7="VAM",INDEX(C_Type_Volume!$E:$E,MATCH($D7,C_Type_Volume!$A:$A,0),1),"X")),"") -> 0 | BD7: =IFERROR(IF($E7="REC",INDEX(A_Type_Volume!$F:$F,MATCH($D7,A_Type_Volume!$A:$A,0),1),IF($E7="VAM",INDEX(C_Type_Volume!$F:$F,MATCH($D7,C_Type_Volume!$A:$A,0),1),"X")),"") -> 0 | BE7: =IFERROR(IF($E7="REC",INDEX(A_Type_Volume!$G:$G,MATCH($D7,A_Type_Volume!$A:$A,0),1),IF($E7="VAM",INDEX(C_Type_Volume!$G:$G,MATCH($D7,C_Type_Volume!$A:$A,0),1),"X")),"") -> 0 | BF7: =IFERROR(IF($E7="REC",INDEX(A_Type_Volume!$H:$H,MATCH($D7,A_Type_Volume!$A:$A,0),1),IF($E7="VAM",INDEX(C_Type_Volume!$H:$H,MATCH($D7,C_Type_Volume!$A:$A,0),1),"X")),"") -> 0 | BG7: =IFERROR(IF($E7="REC",INDEX(A_Type_Volume!$I:$I,MATCH($D7,A_Type_Volume!$A:$A,0),1),IF($E7="VAM",INDEX(C_Type_Volume!$I:$I,MATCH($D7,C_Type_Volume!$A:$A,0),1),"X")),"") -> 0 | BH7: =IFERROR(IF($E7="REC",INDEX(A_Type_Volume!$J:$J,MATCH($D7,A_Type_Volume!$A:$A,0),1),IF($E7="VAM",INDEX(C_Type_Volume!$J:$J,MATCH($D7,C_Type_Volume!$A:$A,0),1),"X")),"") -> 0 | BI7: =IFERROR(IF($E7="REC",INDEX(A_Type_Volume!$K:$K,MATCH($D7,A_Type_Volume!$A:$A,0),1),IF($E7="VAM",INDEX(C_Type_Volume!$K:$K,MATCH($D7,C_Type_Volume!$A:$A,0),1),"X")),"") -> 0 | BJ7: =IFERROR(IF($E7="REC",INDEX(A_Type_Volume!$L:$L,MATCH($D7,A_Type_Volume!$A:$A,0),1),IF($E7="VAM",INDEX(C_Type_Volume!$L:$L,MATCH($D7,C_Type_Volume!$A:$A,0),1),"X")),"") -> 0 | BK7: =IFERROR(IF($E7="REC",INDEX(A_Type_Volume!M:M,MATCH($D7,A_Type_Volume!$A:$A,0),1),IF($E7="VAM",INDEX(C_Type_Volume!M:M,MATCH($D7,C_Type_Volume!$A:$A,0),1),"X")),"") -> 0 | BL7: =SUM(Table1[[#This Row],[Jan_AVF]:[Dec_AVF]]) -> 283542 | BM7: =AZ7*$O7 -> 12439.487 | BN7: =BA7*$O7 -> 5546.6868 | BO7: =BB7*$O7 -> 5555.4046 | BP7: =BC7*$O7 -> 0 | BQ7: =BD7*$O7 -> 0 | BR7: =BE7*$O7 -> 0 | BS7: =BF7*$O7 -> 0 | BT7: =BG7*$O7 -> 0 | ... BX7: =BK7*$O7 -> 0 | BY7: =IFERROR(SUM(BM7:BO7),"") -> 23541.578 | BZ7: =IFERROR(SUM(BP7:BR7),"") -> 0 | CA7: =IFERROR(SUM(BS7:BU7),"") -> 0 | CB7: =IFERROR(SUM(BV7:BX7),"") -> 0 | CC7: =IFERROR(Table1[[#This Row],[Labor Saving]]*Table1[[#This Row],[Annual Volume]],"") -> 0 | CD7: =IFERROR(Table1[[#This Row],[Annual Volume]]*Table1[[#This Row],[Yield Saving]],"") -> 0 | CE7: =IFERROR(Table1[[#This Row],[Annual Volume]]*Table1[[#This Row],[Material Saving]],"") -> 23541.578 | CF7: =IFERROR(Table1[[#This Row],[OH Saving]]*Table1[[#This Row],[Annual Volume]],"") -> 0 | CG7: =SUM(Table1[[#This Row],[Labor_ASV]:[OH_ASV]]) -> 23541.578
A8: =Table1[[#This Row],[Project Name]]&Table1[[#This Row],[Part Number]] -> Aut Visual 2V2 | B8: =IFERROR(Table1[[#This Row],[Project Number]]&Table1[[#This Row],[Part Number]],"") -> AME25-066V2 | C8: AME25-066 | D8: V2 | E8: VAM | F8: =INDEX(Proj_Reg!G:G,MATCH($C8,Proj_Reg!$B:$B,0),1) -> 46174 | G8: =INDEX(Proj_Reg!H:H,MATCH($C8,Proj_Reg!$B:$B,0),1) -> 46508 | H8: =IF(INDEX(Proj_Reg!C:C,MATCH($C8,Proj_Reg!$B:$B,0),1)=0,"",INDEX(Proj_Reg!C:C,MATCH($C8,Proj_Reg!$B:$B,0),1)) -> Visual Inspection | I8: =IF(INDEX(Proj_Reg!D:D,MATCH($C8,Proj_Reg!$B:$B,0),1)=0,"",INDEX(Proj_Reg!D:D,MATCH($C8,Proj_Reg!$B:$B,0),1)) -> XCI | J8: =INDEX(Proj_Reg!E:E,MATCH($C8,Proj_Reg!$B:$B,0),1) -> Aut Visual 2 | K8: 0 | L8: 0 | M8: 0.083026776 | N8: 0 | O8: =SUM(Table1[[#This Row],[Labor Saving]:[OH Saving]]) -> 0.083026776 | Q8: =IFERROR(IF($F8=Q$1,0.3,IF(AND(Q$1>$F8,Q$1<=$G8),100%,0))*AZ8,"") -> 0 | R8: =IFERROR(IF($F8=R$1,0.3,IF(AND(R$1>$F8,R$1<=$G8),100%,0))*BA8,"") -> 0 | S8: =IFERROR(IF($F8=S$1,0.3,IF(AND(S$1>$F8,S$1<=$G8),100%,0))*BB8,"") -> 0 | T8: =IFERROR(IF($F8=T$1,0.3,IF(AND(T$1>$F8,T$1<=$G8),100%,0))*BC8,"") -> 0 | U8: =IFERROR(IF($F8=U$1,0.3,IF(AND(U$1>$F8,U$1<=$G8),100%,0))*BD8,"") -> 0 | V8: =IFERROR(IF($F8=V$1,0.3,IF(AND(V$1>$F8,V$1<=$G8),100%,0))*BE8,"") -> 0 | W8: =IFERROR(IF($F8=W$1,0.3,IF(AND(W$1>$F8,W$1<=$G8),100%,0))*BF8,"") -> 0 | X8: =IFERROR(IF($F8=X$1,0.3,IF(AND(X$1>$F8,X$1<=$G8),100%,0))*BG8,"") -> 0 | Y8: =IFERROR(IF($F8=Y$1,0.7,IF(AND(Y$1>$F8,Y$1<=$G8),100%,0))*BH8,"") -> 0 | Z8: =IFERROR(IF($F8=Z$1,0.3,IF(AND(Z$1>$F8,Z$1<=$G8),100%,0))*BI8,"") -> 0 | AA8: =IFERROR(IF($F8=AA$1,0.3,IF(AND(AA$1>$F8,AA$1<=$G8),100%,0))*BJ8,"") -> 0 | AB8: =IFERROR(IF($F8=AB$1,0.3,IF(AND(AB$1>$F8,AB$1<=$G8),100%,0))*BK8,"") -> 0 | AC8: =SUM(Table1[[#This Row],[Jan]:[Dec]]) -> 0 | AD8: =IFERROR($O8*Q8,"") -> 0 | AE8: =IFERROR($O8*R8,"") -> 0 | AF8: =IFERROR($O8*S8,"") -> 0 | AG8: =IFERROR($O8*T8,"") -> 0 | AH8: =IFERROR($O8*U8,"") -> 0 | AI8: =IFERROR($O8*V8,"") -> 0 | AJ8: =IFERROR($O8*W8,"") -> 0 | AK8: =IFERROR($O8*X8,"") -> 0 | ... AO8: =IFERROR($O8*AB8,"") -> 0 | AP8: =SUM(AD8:AF8) -> 0 | AQ8: =SUM(AG8:AI8) -> 0 | AR8: =SUM(AJ8:AL8) -> 0 | AS8: =SUM(AM8:AO8) -> 0 | AT8: =SUM(AD8:AO8)=SUM(AP8:AS8) -> TRUE | AU8: =IFERROR(K8*SUM($Q8:$AB8),"") -> 0 | AV8: =IFERROR(L8*SUM($Q8:$AB8),"") -> 0 | AW8: =IFERROR(M8*SUM($Q8:$AB8),"") -> 0 | AX8: =IFERROR(N8*SUM($Q8:$AB8),"") -> 0 | AY8: =SUM(AU8:AX8) -> 0 | AZ8: =IFERROR(IF($E8="REC",INDEX(A_Type_Volume!$B:$B,MATCH($D8,A_Type_Volume!$A:$A,0),1),IF($E8="VAM",INDEX(C_Type_Volume!$B:$B,MATCH($D8,C_Type_Volume!$A:$A,0),1),"X")),"") -> 149825 | BA8: =IFERROR(IF($E8="REC",INDEX(A_Type_Volume!$C:$C,MATCH($D8,A_Type_Volume!$A:$A,0),1),IF($E8="VAM",INDEX(C_Type_Volume!$C:$C,MATCH($D8,C_Type_Volume!$A:$A,0),1),"X")),"") -> 66806 | BB8: =IFERROR(IF($E8="REC",INDEX(A_Type_Volume!$D:$D,MATCH($D8,A_Type_Volume!$A:$A,0),1),IF($E8="VAM",INDEX(C_Type_Volume!$D:$D,MATCH($D8,C_Type_Volume!$A:$A,0),1),"X")),"") -> 66911 | BC8: =IFERROR(IF($E8="REC",INDEX(A_Type_Volume!$E:$E,MATCH($D8,A_Type_Volume!$A:$A,0),1),IF($E8="VAM",INDEX(C_Type_Volume!$E:$E,MATCH($D8,C_Type_Volume!$A:$A,0),1),"X")),"") -> 0 | BD8: =IFERROR(IF($E8="REC",INDEX(A_Type_Volume!$F:$F,MATCH($D8,A_Type_Volume!$A:$A,0),1),IF($E8="VAM",INDEX(C_Type_Volume!$F:$F,MATCH($D8,C_Type_Volume!$A:$A,0),1),"X")),"") -> 0 | BE8: =IFERROR(IF($E8="REC",INDEX(A_Type_Volume!$G:$G,MATCH($D8,A_Type_Volume!$A:$A,0),1),IF($E8="VAM",INDEX(C_Type_Volume!$G:$G,MATCH($D8,C_Type_Volume!$A:$A,0),1),"X")),"") -> 0 | BF8: =IFERROR(IF($E8="REC",INDEX(A_Type_Volume!$H:$H,MATCH($D8,A_Type_Volume!$A:$A,0),1),IF($E8="VAM",INDEX(C_Type_Volume!$H:$H,MATCH($D8,C_Type_Volume!$A:$A,0),1),"X")),"") -> 0 | BG8: =IFERROR(IF($E8="REC",INDEX(A_Type_Volume!$I:$I,MATCH($D8,A_Type_Volume!$A:$A,0),1),IF($E8="VAM",INDEX(C_Type_Volume!$I:$I,MATCH($D8,C_Type_Volume!$A:$A,0),1),"X")),"") -> 0 | BH8: =IFERROR(IF($E8="REC",INDEX(A_Type_Volume!$J:$J,MATCH($D8,A_Type_Volume!$A:$A,0),1),IF($E8="VAM",INDEX(C_Type_Volume!$J:$J,MATCH($D8,C_Type_Volume!$A:$A,0),1),"X")),"") -> 0 | BI8: =IFERROR(IF($E8="REC",INDEX(A_Type_Volume!$K:$K,MATCH($D8,A_Type_Volume!$A:$A,0),1),IF($E8="VAM",INDEX(C_Type_Volume!$K:$K,MATCH($D8,C_Type_Volume!$A:$A,0),1),"X")),"") -> 0 | BJ8: =IFERROR(IF($E8="REC",INDEX(A_Type_Volume!$L:$L,MATCH($D8,A_Type_Volume!$A:$A,0),1),IF($E8="VAM",INDEX(C_Type_Volume!$L:$L,MATCH($D8,C_Type_Volume!$A:$A,0),1),"X")),"") -> 0 | BK8: =IFERROR(IF($E8="REC",INDEX(A_Type_Volume!M:M,MATCH($D8,A_Type_Volume!$A:$A,0),1),IF($E8="VAM",INDEX(C_Type_Volume!M:M,MATCH($D8,C_Type_Volume!$A:$A,0),1),"X")),"") -> 0 | BL8: =SUM(Table1[[#This Row],[Jan_AVF]:[Dec_AVF]]) -> 283542 | BM8: =AZ8*$O8 -> 12439.487 | BN8: =BA8*$O8 -> 5546.6868 | BO8: =BB8*$O8 -> 5555.4046 | BP8: =BC8*$O8 -> 0 | BQ8: =BD8*$O8 -> 0 | BR8: =BE8*$O8 -> 0 | BS8: =BF8*$O8 -> 0 | BT8: =BG8*$O8 -> 0 | ... BX8: =BK8*$O8 -> 0 | BY8: =IFERROR(SUM(BM8:BO8),"") -> 23541.578 | BZ8: =IFERROR(SUM(BP8:BR8),"") -> 0 | CA8: =IFERROR(SUM(BS8:BU8),"") -> 0 | CB8: =IFERROR(SUM(BV8:BX8),"") -> 0 | CC8: =IFERROR(Table1[[#This Row],[Labor Saving]]*Table1[[#This Row],[Annual Volume]],"") -> 0 | CD8: =IFERROR(Table1[[#This Row],[Annual Volume]]*Table1[[#This Row],[Yield Saving]],"") -> 0 | CE8: =IFERROR(Table1[[#This Row],[Annual Volume]]*Table1[[#This Row],[Material Saving]],"") -> 23541.578 | CF8: =IFERROR(Table1[[#This Row],[OH Saving]]*Table1[[#This Row],[Annual Volume]],"") -> 0 | CG8: =SUM(Table1[[#This Row],[Labor_ASV]:[OH_ASV]]) -> 23541.578
A9: =Table1[[#This Row],[Project Name]]&Table1[[#This Row],[Part Number]] -> TiW Target Supplier ZR182 | B9: =IFERROR(Table1[[#This Row],[Project Number]]&Table1[[#This Row],[Part Number]],"") -> AME25-003R182 | C9: AME25-003 | D9: R182 | E9: REC | F9: =INDEX(Proj_Reg!G:G,MATCH($C9,Proj_Reg!$B:$B,0),1) -> 45809 | G9: =INDEX(Proj_Reg!H:H,MATCH($C9,Proj_Reg!$B:$B,0),1) -> 46143 | H9: =IF(INDEX(Proj_Reg!C:C,MATCH($C9,Proj_Reg!$B:$B,0),1)=0,"",INDEX(Proj_Reg!C:C,MATCH($C9,Proj_Reg!$B:$B,0),1)) -> Sputtering | I9: =IF(INDEX(Proj_Reg!D:D,MATCH($C9,Proj_Reg!$B:$B,0),1)=0,"",INDEX(Proj_Reg!D:D,MATCH($C9,Proj_Reg!$B:$B,0),1)) -> XWP | J9: =INDEX(Proj_Reg!E:E,MATCH($C9,Proj_Reg!$B:$B,0),1) -> TiW Target Supplier Z | K9: 0.029517215 | L9: 0 | M9: 0.011653969 | N9: 0 | O9: =SUM(Table1[[#This Row],[Labor Saving]:[OH Saving]]) -> 0.041171184 | Q9: =IFERROR(IF($F9=Q$1,0.3,IF(AND(Q$1>$F9,Q$1<=$G9),100%,0))*AZ9,"") -> 0 | R9: =IFERROR(IF($F9=R$1,0.3,IF(AND(R$1>$F9,R$1<=$G9),100%,0))*BA9,"") -> 0 | S9: =IFERROR(IF($F9=S$1,0.3,IF(AND(S$1>$F9,S$1<=$G9),100%,0))*BB9,"") -> 0 | T9: =IFERROR(IF($F9=T$1,0.3,IF(AND(T$1>$F9,T$1<=$G9),100%,0))*BC9,"") -> 0 | U9: =IFERROR(IF($F9=U$1,0.3,IF(AND(U$1>$F9,U$1<=$G9),100%,0))*BD9,"") -> 0 | V9: =IFERROR(IF($F9=V$1,0.3,IF(AND(V$1>$F9,V$1<=$G9),100%,0))*BE9,"") -> 0 | W9: =IFERROR(IF($F9=W$1,0.3,IF(AND(W$1>$F9,W$1<=$G9),100%,0))*BF9,"") -> 0 | X9: =IFERROR(IF($F9=X$1,0.3,IF(AND(X$1>$F9,X$1<=$G9),100%,0))*BG9,"") -> 0 | Y9: =IFERROR(IF($F9=Y$1,0.7,IF(AND(Y$1>$F9,Y$1<=$G9),100%,0))*BH9,"") -> 0 | Z9: =IFERROR(IF($F9=Z$1,0.3,IF(AND(Z$1>$F9,Z$1<=$G9),100%,0))*BI9,"") -> 0 | AA9: =IFERROR(IF($F9=AA$1,0.3,IF(AND(AA$1>$F9,AA$1<=$G9),100%,0))*BJ9,"") -> 0 | AB9: =IFERROR(IF($F9=AB$1,0.3,IF(AND(AB$1>$F9,AB$1<=$G9),100%,0))*BK9,"") -> 0 | AC9: =SUM(Table1[[#This Row],[Jan]:[Dec]]) -> 0 | AD9: =IFERROR($O9*Q9,"") -> 0 | AE9: =IFERROR($O9*R9,"") -> 0 | AF9: =IFERROR($O9*S9,"") -> 0 | AG9: =IFERROR($O9*T9,"") -> 0 | AH9: =IFERROR($O9*U9,"") -> 0 | AI9: =IFERROR($O9*V9,"") -> 0 | AJ9: =IFERROR($O9*W9,"") -> 0 | AK9: =IFERROR($O9*X9,"") -> 0 | ... AO9: =IFERROR($O9*AB9,"") -> 0 | AP9: =SUM(AD9:AF9) -> 0 | AQ9: =SUM(AG9:AI9) -> 0 | AR9: =SUM(AJ9:AL9) -> 0 | AS9: =SUM(AM9:AO9) -> 0 | AT9: =SUM(AD9:AO9)=SUM(AP9:AS9) -> TRUE | AU9: =IFERROR(K9*SUM($Q9:$AB9),"") -> 0 | AV9: =IFERROR(L9*SUM($Q9:$AB9),"") -> 0 | AW9: =IFERROR(M9*SUM($Q9:$AB9),"") -> 0 | AX9: =IFERROR(N9*SUM($Q9:$AB9),"") -> 0 | AY9: =SUM(AU9:AX9) -> 0 | AZ9: =IFERROR(IF($E9="REC",INDEX(A_Type_Volume!$B:$B,MATCH($D9,A_Type_Volume!$A:$A,0),1),IF($E9="VAM",INDEX(C_Type_Volume!$B:$B,MATCH($D9,C_Type_Volume!$A:$A,0),1),"X")),"") -> 0 | BA9: =IFERROR(IF($E9="REC",INDEX(A_Type_Volume!$C:$C,MATCH($D9,A_Type_Volume!$A:$A,0),1),IF($E9="VAM",INDEX(C_Type_Volume!$C:$C,MATCH($D9,C_Type_Volume!$A:$A,0),1),"X")),"") -> 0 | BB9: =IFERROR(IF($E9="REC",INDEX(A_Type_Volume!$D:$D,MATCH($D9,A_Type_Volume!$A:$A,0),1),IF($E9="VAM",INDEX(C_Type_Volume!$D:$D,MATCH($D9,C_Type_Volume!$A:$A,0),1),"X")),"") -> 0 | BC9: =IFERROR(IF($E9="REC",INDEX(A_Type_Volume!$E:$E,MATCH($D9,A_Type_Volume!$A:$A,0),1),IF($E9="VAM",INDEX(C_Type_Volume!$E:$E,MATCH($D9,C_Type_Volume!$A:$A,0),1),"X")),"") -> 0 | BD9: =IFERROR(IF($E9="REC",INDEX(A_Type_Volume!$F:$F,MATCH($D9,A_Type_Volume!$A:$A,0),1),IF($E9="VAM",INDEX(C_Type_Volume!$F:$F,MATCH($D9,C_Type_Volume!$A:$A,0),1),"X")),"") -> 0 | BE9: =IFERROR(IF($E9="REC",INDEX(A_Type_Volume!$G:$G,MATCH($D9,A_Type_Volume!$A:$A,0),1),IF($E9="VAM",INDEX(C_Type_Volume!$G:$G,MATCH($D9,C_Type_Volume!$A:$A,0),1),"X")),"") -> 0 | BF9: =IFERROR(IF($E9="REC",INDEX(A_Type_Volume!$H:$H,MATCH($D9,A_Type_Volume!$A:$A,0),1),IF($E9="VAM",INDEX(C_Type_Volume!$H:$H,MATCH($D9,C_Type_Volume!$A:$A,0),1),"X")),"") -> 0 | BG9: =IFERROR(IF($E9="REC",INDEX(A_Type_Volume!$I:$I,MATCH($D9,A_Type_Volume!$A:$A,0),1),IF($E9="VAM",INDEX(C_Type_Volume!$I:$I,MATCH($D9,C_Type_Volume!$A:$A,0),1),"X")),"") -> 0 | BH9: =IFERROR(IF($E9="REC",INDEX(A_Type_Volume!$J:$J,MATCH($D9,A_Type_Volume!$A:$A,0),1),IF($E9="VAM",INDEX(C_Type_Volume!$J:$J,MATCH($D9,C_Type_Volume!$A:$A,0),1),"X")),"") -> 0 | BI9: =IFERROR(IF($E9="REC",INDEX(A_Type_Volume!$K:$K,MATCH($D9,A_Type_Volume!$A:$A,0),1),IF($E9="VAM",INDEX(C_Type_Volume!$K:$K,MATCH($D9,C_Type_Volume!$A:$A,0),1),"X")),"") -> 0 | BJ9: =IFERROR(IF($E9="REC",INDEX(A_Type_Volume!$L:$L,MATCH($D9,A_Type_Volume!$A:$A,0),1),IF($E9="VAM",INDEX(C_Type_Volume!$L:$L,MATCH($D9,C_Type_Volume!$A:$A,0),1),"X")),"") -> 0 | BK9: =IFERROR(IF($E9="REC",INDEX(A_Type_Volume!M:M,MATCH($D9,A_Type_Volume!$A:$A,0),1),IF($E9="VAM",INDEX(C_Type_Volume!M:M,MATCH($D9,C_Type_Volume!$A:$A,0),1),"X")),"") -> 0 | BL9: =SUM(Table1[[#This Row],[Jan_AVF]:[Dec_AVF]]) -> 0 | BM9: =AZ9*$O9 -> 0 | BN9: =BA9*$O9 -> 0 | BO9: =BB9*$O9 -> 0 | BP9: =BC9*$O9 -> 0 | BQ9: =BD9*$O9 -> 0 | BR9: =BE9*$O9 -> 0 | BS9: =BF9*$O9 -> 0 | BT9: =BG9*$O9 -> 0 | ... BX9: =BK9*$O9 -> 0 | BY9: =IFERROR(SUM(BM9:BO9),"") -> 0 | BZ9: =IFERROR(SUM(BP9:BR9),"") -> 0 | CA9: =IFERROR(SUM(BS9:BU9),"") -> 0 | CB9: =IFERROR(SUM(BV9:BX9),"") -> 0 | CC9: =IFERROR(Table1[[#This Row],[Labor Saving]]*Table1[[#This Row],[Annual Volume]],"") -> 0 | CD9: =IFERROR(Table1[[#This Row],[Annual Volume]]*Table1[[#This Row],[Yield Saving]],"") -> 0 | CE9: =IFERROR(Table1[[#This Row],[Annual Volume]]*Table1[[#This Row],[Material Saving]],"") -> 0 | CF9: =IFERROR(Table1[[#This Row],[OH Saving]]*Table1[[#This Row],[Annual Volume]],"") -> 0 | CG9: =SUM(Table1[[#This Row],[Labor_ASV]:[OH_ASV]]) -> 0
A10: =Table1[[#This Row],[Project Name]]&Table1[[#This Row],[Part Number]] -> TiW Target Supplier ZR183 | B10: =IFERROR(Table1[[#This Row],[Project Number]]&Table1[[#This Row],[Part Number]],"") -> AME25-003R183 | C10: AME25-003 | D10: R183 | E10: REC | F10: =INDEX(Proj_Reg!G:G,MATCH($C10,Proj_Reg!$B:$B,0),1) -> 45809 | G10: =INDEX(Proj_Reg!H:H,MATCH($C10,Proj_Reg!$B:$B,0),1) -> 46143 | H10: =IF(INDEX(Proj_Reg!C:C,MATCH($C10,Proj_Reg!$B:$B,0),1)=0,"",INDEX(Proj_Reg!C:C,MATCH($C10,Proj_Reg!$B:$B,0),1)) -> Sputtering | I10: =IF(INDEX(Proj_Reg!D:D,MATCH($C10,Proj_Reg!$B:$B,0),1)=0,"",INDEX(Proj_Reg!D:D,MATCH($C10,Proj_Reg!$B:$B,0),1)) -> XWP | J10: =INDEX(Proj_Reg!E:E,MATCH($C10,Proj_Reg!$B:$B,0),1) -> TiW Target Supplier Z | K10: 0.029517215 | L10: 0 | M10: 0.011653969 | N10: 0 | O10: =SUM(Table1[[#This Row],[Labor Saving]:[OH Saving]]) -> 0.041171184 | Q10: =IFERROR(IF($F10=Q$1,0.3,IF(AND(Q$1>$F10,Q$1<=$G10),100%,0))*AZ10,"") -> 0 | R10: =IFERROR(IF($F10=R$1,0.3,IF(AND(R$1>$F10,R$1<=$G10),100%,0))*BA10,"") -> 0 | S10: =IFERROR(IF($F10=S$1,0.3,IF(AND(S$1>$F10,S$1<=$G10),100%,0))*BB10,"") -> 0 | T10: =IFERROR(IF($F10=T$1,0.3,IF(AND(T$1>$F10,T$1<=$G10),100%,0))*BC10,"") -> 0 | U10: =IFERROR(IF($F10=U$1,0.3,IF(AND(U$1>$F10,U$1<=$G10),100%,0))*BD10,"") -> 0 | V10: =IFERROR(IF($F10=V$1,0.3,IF(AND(V$1>$F10,V$1<=$G10),100%,0))*BE10,"") -> 0 | W10: =IFERROR(IF($F10=W$1,0.3,IF(AND(W$1>$F10,W$1<=$G10),100%,0))*BF10,"") -> 0 | X10: =IFERROR(IF($F10=X$1,0.3,IF(AND(X$1>$F10,X$1<=$G10),100%,0))*BG10,"") -> 0 | Y10: =IFERROR(IF($F10=Y$1,0.7,IF(AND(Y$1>$F10,Y$1<=$G10),100%,0))*BH10,"") -> 0 | Z10: =IFERROR(IF($F10=Z$1,0.3,IF(AND(Z$1>$F10,Z$1<=$G10),100%,0))*BI10,"") -> 0 | AA10: =IFERROR(IF($F10=AA$1,0.3,IF(AND(AA$1>$F10,AA$1<=$G10),100%,0))*BJ10,"") -> 0 | AB10: =IFERROR(IF($F10=AB$1,0.3,IF(AND(AB$1>$F10,AB$1<=$G10),100%,0))*BK10,"") -> 0 | AC10: =SUM(Table1[[#This Row],[Jan]:[Dec]]) -> 0 | AD10: =IFERROR($O10*Q10,"") -> 0 | AE10: =IFERROR($O10*R10,"") -> 0 | AF10: =IFERROR($O10*S10,"") -> 0 | AG10: =IFERROR($O10*T10,"") -> 0 | AH10: =IFERROR($O10*U10,"") -> 0 | AI10: =IFERROR($O10*V10,"") -> 0 | AJ10: =IFERROR($O10*W10,"") -> 0 | AK10: =IFERROR($O10*X10,"") -> 0 | ... AO10: =IFERROR($O10*AB10,"") -> 0 | AP10: =SUM(AD10:AF10) -> 0 | AQ10: =SUM(AG10:AI10) -> 0 | AR10: =SUM(AJ10:AL10) -> 0 | AS10: =SUM(AM10:AO10) -> 0 | AT10: =SUM(AD10:AO10)=SUM(AP10:AS10) -> TRUE | AU10: =IFERROR(K10*SUM($Q10:$AB10),"") -> 0 | AV10: =IFERROR(L10*SUM($Q10:$AB10),"") -> 0 | AW10: =IFERROR(M10*SUM($Q10:$AB10),"") -> 0 | AX10: =IFERROR(N10*SUM($Q10:$AB10),"") -> 0 | AY10: =SUM(AU10:AX10) -> 0 | AZ10: =IFERROR(IF($E10="REC",INDEX(A_Type_Volume!$B:$B,MATCH($D10,A_Type_Volume!$A:$A,0),1),IF($E10="VAM",INDEX(C_Type_Volume!$B:$B,MATCH($D10,C_Type_Volume!$A:$A,0),1),"X")),"") -> 0 | BA10: =IFERROR(IF($E10="REC",INDEX(A_Type_Volume!$C:$C,MATCH($D10,A_Type_Volume!$A:$A,0),1),IF($E10="VAM",INDEX(C_Type_Volume!$C:$C,MATCH($D10,C_Type_Volume!$A:$A,0),1),"X")),"") -> 0 | BB10: =IFERROR(IF($E10="REC",INDEX(A_Type_Volume!$D:$D,MATCH($D10,A_Type_Volume!$A:$A,0),1),IF($E10="VAM",INDEX(C_Type_Volume!$D:$D,MATCH($D10,C_Type_Volume!$A:$A,0),1),"X")),"") -> 0 | BC10: =IFERROR(IF($E10="REC",INDEX(A_Type_Volume!$E:$E,MATCH($D10,A_Type_Volume!$A:$A,0),1),IF($E10="VAM",INDEX(C_Type_Volume!$E:$E,MATCH($D10,C_Type_Volume!$A:$A,0),1),"X")),"") -> 0 | BD10: =IFERROR(IF($E10="REC",INDEX(A_Type_Volume!$F:$F,MATCH($D10,A_Type_Volume!$A:$A,0),1),IF($E10="VAM",INDEX(C_Type_Volume!$F:$F,MATCH($D10,C_Type_Volume!$A:$A,0),1),"X")),"") -> 0 | BE10: =IFERROR(IF($E10="REC",INDEX(A_Type_Volume!$G:$G,MATCH($D10,A_Type_Volume!$A:$A,0),1),IF($E10="VAM",INDEX(C_Type_Volume!$G:$G,MATCH($D10,C_Type_Volume!$A:$A,0),1),"X")),"") -> 0 | BF10: =IFERROR(IF($E10="REC",INDEX(A_Type_Volume!$H:$H,MATCH($D10,A_Type_Volume!$A:$A,0),1),IF($E10="VAM",INDEX(C_Type_Volume!$H:$H,MATCH($D10,C_Type_Volume!$A:$A,0),1),"X")),"") -> 0 | BG10: =IFERROR(IF($E10="REC",INDEX(A_Type_Volume!$I:$I,MATCH($D10,A_Type_Volume!$A:$A,0),1),IF($E10="VAM",INDEX(C_Type_Volume!$I:$I,MATCH($D10,C_Type_Volume!$A:$A,0),1),"X")),"") -> 0 | BH10: =IFERROR(IF($E10="REC",INDEX(A_Type_Volume!$J:$J,MATCH($D10,A_Type_Volume!$A:$A,0),1),IF($E10="VAM",INDEX(C_Type_Volume!$J:$J,MATCH($D10,C_Type_Volume!$A:$A,0),1),"X")),"") -> 0 | BI10: =IFERROR(IF($E10="REC",INDEX(A_Type_Volume!$K:$K,MATCH($D10,A_Type_Volume!$A:$A,0),1),IF($E10="VAM",INDEX(C_Type_Volume!$K:$K,MATCH($D10,C_Type_Volume!$A:$A,0),1),"X")),"") -> 0 | BJ10: =IFERROR(IF($E10="REC",INDEX(A_Type_Volume!$L:$L,MATCH($D10,A_Type_Volume!$A:$A,0),1),IF($E10="VAM",INDEX(C_Type_Volume!$L:$L,MATCH($D10,C_Type_Volume!$A:$A,0),1),"X")),"") -> 0 | BK10: =IFERROR(IF($E10="REC",INDEX(A_Type_Volume!M:M,MATCH($D10,A_Type_Volume!$A:$A,0),1),IF($E10="VAM",INDEX(C_Type_Volume!M:M,MATCH($D10,C_Type_Volume!$A:$A,0),1),"X")),"") -> 0 | BL10: =SUM(Table1[[#This Row],[Jan_AVF]:[Dec_AVF]]) -> 0 | BM10: =AZ10*$O10 -> 0 | BN10: =BA10*$O10 -> 0 | BO10: =BB10*$O10 -> 0 | BP10: =BC10*$O10 -> 0 | BQ10: =BD10*$O10 -> 0 | BR10: =BE10*$O10 -> 0 | BS10: =BF10*$O10 -> 0 | BT10: =BG10*$O10 -> 0 | ... BX10: =BK10*$O10 -> 0 | BY10: =IFERROR(SUM(BM10:BO10),"") -> 0 | BZ10: =IFERROR(SUM(BP10:BR10),"") -> 0 | CA10: =IFERROR(SUM(BS10:BU10),"") -> 0 | CB10: =IFERROR(SUM(BV10:BX10),"") -> 0 | CC10: =IFERROR(Table1[[#This Row],[Labor Saving]]*Table1[[#This Row],[Annual Volume]],"") -> 0 | CD10: =IFERROR(Table1[[#This Row],[Annual Volume]]*Table1[[#This Row],[Yield Saving]],"") -> 0 | CE10: =IFERROR(Table1[[#This Row],[Annual Volume]]*Table1[[#This Row],[Material Saving]],"") -> 0 | CF10: =IFERROR(Table1[[#This Row],[OH Saving]]*Table1[[#This Row],[Annual Volume]],"") -> 0 | CG10: =SUM(Table1[[#This Row],[Labor_ASV]:[OH_ASV]]) -> 0
A11: =Table1[[#This Row],[Project Name]]&Table1[[#This Row],[Part Number]] -> Au Target Supplier YR153 | B11: =IFERROR(Table1[[#This Row],[Project Number]]&Table1[[#This Row],[Part Number]],"") -> AME25-004R153 | C11: AME25-004 | D11: R153 | E11: REC | F11: =INDEX(Proj_Reg!G:G,MATCH($C11,Proj_Reg!$B:$B,0),1) -> 45931 | G11: =INDEX(Proj_Reg!H:H,MATCH($C11,Proj_Reg!$B:$B,0),1) -> 46266 | H11: =IF(INDEX(Proj_Reg!C:C,MATCH($C11,Proj_Reg!$B:$B,0),1)=0,"",INDEX(Proj_Reg!C:C,MATCH($C11,Proj_Reg!$B:$B,0),1)) -> Sputtering | I11: =IF(INDEX(Proj_Reg!D:D,MATCH($C11,Proj_Reg!$B:$B,0),1)=0,"",INDEX(Proj_Reg!D:D,MATCH($C11,Proj_Reg!$B:$B,0),1)) -> XWP | J11: =INDEX(Proj_Reg!E:E,MATCH($C11,Proj_Reg!$B:$B,0),1) -> Au Target Supplier Y | K11: 0.029517215 | L11: 0 | M11: 0.011653969 | N11: 0 | O11: =SUM(Table1[[#This Row],[Labor Saving]:[OH Saving]]) -> 0.041171184 | Q11: =IFERROR(IF($F11=Q$1,0.3,IF(AND(Q$1>$F11,Q$1<=$G11),100%,0))*AZ11,"") -> 54119 | R11: =IFERROR(IF($F11=R$1,0.3,IF(AND(R$1>$F11,R$1<=$G11),100%,0))*BA11,"") -> 0 | S11: =IFERROR(IF($F11=S$1,0.3,IF(AND(S$1>$F11,S$1<=$G11),100%,0))*BB11,"") -> 31515 | T11: =IFERROR(IF($F11=T$1,0.3,IF(AND(T$1>$F11,T$1<=$G11),100%,0))*BC11,"") -> 52065 | U11: =IFERROR(IF($F11=U$1,0.3,IF(AND(U$1>$F11,U$1<=$G11),100%,0))*BD11,"") -> 54119 | V11: =IFERROR(IF($F11=V$1,0.3,IF(AND(V$1>$F11,V$1<=$G11),100%,0))*BE11,"") -> 52533 | W11: =IFERROR(IF($F11=W$1,0.3,IF(AND(W$1>$F11,W$1<=$G11),100%,0))*BF11,"") -> 57679 | X11: =IFERROR(IF($F11=X$1,0.3,IF(AND(X$1>$F11,X$1<=$G11),100%,0))*BG11,"") -> 48468 | Y11: =IFERROR(IF($F11=Y$1,0.7,IF(AND(Y$1>$F11,Y$1<=$G11),100%,0))*BH11,"") -> 23759 | Z11: =IFERROR(IF($F11=Z$1,0.3,IF(AND(Z$1>$F11,Z$1<=$G11),100%,0))*BI11,"") -> 0 | AA11: =IFERROR(IF($F11=AA$1,0.3,IF(AND(AA$1>$F11,AA$1<=$G11),100%,0))*BJ11,"") -> 0 | AB11: =IFERROR(IF($F11=AB$1,0.3,IF(AND(AB$1>$F11,AB$1<=$G11),100%,0))*BK11,"") -> 0 | AC11: =SUM(Table1[[#This Row],[Jan]:[Dec]]) -> 374257 | AD11: =IFERROR($O11*Q11,"") -> 2228.1433 | AE11: =IFERROR($O11*R11,"") -> 0 | AF11: =IFERROR($O11*S11,"") -> 1297.5099 | AG11: =IFERROR($O11*T11,"") -> 2143.5777 | AH11: =IFERROR($O11*U11,"") -> 2228.1433 | AI11: =IFERROR($O11*V11,"") -> 2162.8458 | AJ11: =IFERROR($O11*W11,"") -> 2374.7127 | AK11: =IFERROR($O11*X11,"") -> 1995.4849 | ... AO11: =IFERROR($O11*AB11,"") -> 0 | AP11: =SUM(AD11:AF11) -> 3525.6532 | AQ11: =SUM(AG11:AI11) -> 6534.5668 | AR11: =SUM(AJ11:AL11) -> 5348.3838 | AS11: =SUM(AM11:AO11) -> 0 | AT11: =SUM(AD11:AO11)=SUM(AP11:AS11) -> TRUE | AU11: =IFERROR(K11*SUM($Q11:$AB11),"") -> 11047.024 | AV11: =IFERROR(L11*SUM($Q11:$AB11),"") -> 0 | AW11: =IFERROR(M11*SUM($Q11:$AB11),"") -> 4361.5795 | AX11: =IFERROR(N11*SUM($Q11:$AB11),"") -> 0 | AY11: =SUM(AU11:AX11) -> 15408.604 | AZ11: =IFERROR(IF($E11="REC",INDEX(A_Type_Volume!$B:$B,MATCH($D11,A_Type_Volume!$A:$A,0),1),IF($E11="VAM",INDEX(C_Type_Volume!$B:$B,MATCH($D11,C_Type_Volume!$A:$A,0),1),"X")),"") -> 54119 | BA11: =IFERROR(IF($E11="REC",INDEX(A_Type_Volume!$C:$C,MATCH($D11,A_Type_Volume!$A:$A,0),1),IF($E11="VAM",INDEX(C_Type_Volume!$C:$C,MATCH($D11,C_Type_Volume!$A:$A,0),1),"X")),"") -> 0 | BB11: =IFERROR(IF($E11="REC",INDEX(A_Type_Volume!$D:$D,MATCH($D11,A_Type_Volume!$A:$A,0),1),IF($E11="VAM",INDEX(C_Type_Volume!$D:$D,MATCH($D11,C_Type_Volume!$A:$A,0),1),"X")),"") -> 31515 | BC11: =IFERROR(IF($E11="REC",INDEX(A_Type_Volume!$E:$E,MATCH($D11,A_Type_Volume!$A:$A,0),1),IF($E11="VAM",INDEX(C_Type_Volume!$E:$E,MATCH($D11,C_Type_Volume!$A:$A,0),1),"X")),"") -> 52065 | BD11: =IFERROR(IF($E11="REC",INDEX(A_Type_Volume!$F:$F,MATCH($D11,A_Type_Volume!$A:$A,0),1),IF($E11="VAM",INDEX(C_Type_Volume!$F:$F,MATCH($D11,C_Type_Volume!$A:$A,0),1),"X")),"") -> 54119 | BE11: =IFERROR(IF($E11="REC",INDEX(A_Type_Volume!$G:$G,MATCH($D11,A_Type_Volume!$A:$A,0),1),IF($E11="VAM",INDEX(C_Type_Volume!$G:$G,MATCH($D11,C_Type_Volume!$A:$A,0),1),"X")),"") -> 52533 | BF11: =IFERROR(IF($E11="REC",INDEX(A_Type_Volume!$H:$H,MATCH($D11,A_Type_Volume!$A:$A,0),1),IF($E11="VAM",INDEX(C_Type_Volume!$H:$H,MATCH($D11,C_Type_Volume!$A:$A,0),1),"X")),"") -> 57679 | BG11: =IFERROR(IF($E11="REC",INDEX(A_Type_Volume!$I:$I,MATCH($D11,A_Type_Volume!$A:$A,0),1),IF($E11="VAM",INDEX(C_Type_Volume!$I:$I,MATCH($D11,C_Type_Volume!$A:$A,0),1),"X")),"") -> 48468 | BH11: =IFERROR(IF($E11="REC",INDEX(A_Type_Volume!$J:$J,MATCH($D11,A_Type_Volume!$A:$A,0),1),IF($E11="VAM",INDEX(C_Type_Volume!$J:$J,MATCH($D11,C_Type_Volume!$A:$A,0),1),"X")),"") -> 23759 | BI11: =IFERROR(IF($E11="REC",INDEX(A_Type_Volume!$K:$K,MATCH($D11,A_Type_Volume!$A:$A,0),1),IF($E11="VAM",INDEX(C_Type_Volume!$K:$K,MATCH($D11,C_Type_Volume!$A:$A,0),1),"X")),"") -> 49873 | BJ11: =IFERROR(IF($E11="REC",INDEX(A_Type_Volume!$L:$L,MATCH($D11,A_Type_Volume!$A:$A,0),1),IF($E11="VAM",INDEX(C_Type_Volume!$L:$L,MATCH($D11,C_Type_Volume!$A:$A,0),1),"X")),"") -> 39788 | BK11: =IFERROR(IF($E11="REC",INDEX(A_Type_Volume!M:M,MATCH($D11,A_Type_Volume!$A:$A,0),1),IF($E11="VAM",INDEX(C_Type_Volume!M:M,MATCH($D11,C_Type_Volume!$A:$A,0),1),"X")),"") -> 25198 | BL11: =SUM(Table1[[#This Row],[Jan_AVF]:[Dec_AVF]]) -> 489116 | BM11: =AZ11*$O11 -> 2228.1433 | BN11: =BA11*$O11 -> 0 | BO11: =BB11*$O11 -> 1297.5099 | BP11: =BC11*$O11 -> 2143.5777 | BQ11: =BD11*$O11 -> 2228.1433 | BR11: =BE11*$O11 -> 2162.8458 | BS11: =BF11*$O11 -> 2374.7127 | BT11: =BG11*$O11 -> 1995.4849 | ... BX11: =BK11*$O11 -> 1037.4315 | BY11: =IFERROR(SUM(BM11:BO11),"") -> 3525.6532 | BZ11: =IFERROR(SUM(BP11:BR11),"") -> 6534.5668 | CA11: =IFERROR(SUM(BS11:BU11),"") -> 5348.3838 | CB11: =IFERROR(SUM(BV11:BX11),"") -> 4728.881 | CC11: =IFERROR(Table1[[#This Row],[Labor Saving]]*Table1[[#This Row],[Annual Volume]],"") -> 14437.342 | CD11: =IFERROR(Table1[[#This Row],[Annual Volume]]*Table1[[#This Row],[Yield Saving]],"") -> 0 | CE11: =IFERROR(Table1[[#This Row],[Annual Volume]]*Table1[[#This Row],[Material Saving]],"") -> 5700.1427 | CF11: =IFERROR(Table1[[#This Row],[OH Saving]]*Table1[[#This Row],[Annual Volume]],"") -> 0 | CG11: =SUM(Table1[[#This Row],[Labor_ASV]:[OH_ASV]]) -> 20137.485
A12: =Table1[[#This Row],[Project Name]]&Table1[[#This Row],[Part Number]] -> Au Target Supplier YR152 | B12: =IFERROR(Table1[[#This Row],[Project Number]]&Table1[[#This Row],[Part Number]],"") -> AME25-004R152 | C12: AME25-004 | D12: R152 | E12: REC | F12: =INDEX(Proj_Reg!G:G,MATCH($C12,Proj_Reg!$B:$B,0),1) -> 45931 | G12: =INDEX(Proj_Reg!H:H,MATCH($C12,Proj_Reg!$B:$B,0),1) -> 46266 | H12: =IF(INDEX(Proj_Reg!C:C,MATCH($C12,Proj_Reg!$B:$B,0),1)=0,"",INDEX(Proj_Reg!C:C,MATCH($C12,Proj_Reg!$B:$B,0),1)) -> Sputtering | I12: =IF(INDEX(Proj_Reg!D:D,MATCH($C12,Proj_Reg!$B:$B,0),1)=0,"",INDEX(Proj_Reg!D:D,MATCH($C12,Proj_Reg!$B:$B,0),1)) -> XWP | J12: =INDEX(Proj_Reg!E:E,MATCH($C12,Proj_Reg!$B:$B,0),1) -> Au Target Supplier Y | K12: 0.029517215 | L12: 0 | M12: 0.011653969 | N12: 0 | O12: =SUM(Table1[[#This Row],[Labor Saving]:[OH Saving]]) -> 0.041171184 | Q12: =IFERROR(IF($F12=Q$1,0.3,IF(AND(Q$1>$F12,Q$1<=$G12),100%,0))*AZ12,"") -> 54119 | R12: =IFERROR(IF($F12=R$1,0.3,IF(AND(R$1>$F12,R$1<=$G12),100%,0))*BA12,"") -> 0 | S12: =IFERROR(IF($F12=S$1,0.3,IF(AND(S$1>$F12,S$1<=$G12),100%,0))*BB12,"") -> 31515 | T12: =IFERROR(IF($F12=T$1,0.3,IF(AND(T$1>$F12,T$1<=$G12),100%,0))*BC12,"") -> 52065 | U12: =IFERROR(IF($F12=U$1,0.3,IF(AND(U$1>$F12,U$1<=$G12),100%,0))*BD12,"") -> 54119 | V12: =IFERROR(IF($F12=V$1,0.3,IF(AND(V$1>$F12,V$1<=$G12),100%,0))*BE12,"") -> 52533 | W12: =IFERROR(IF($F12=W$1,0.3,IF(AND(W$1>$F12,W$1<=$G12),100%,0))*BF12,"") -> 57679 | X12: =IFERROR(IF($F12=X$1,0.3,IF(AND(X$1>$F12,X$1<=$G12),100%,0))*BG12,"") -> 48468 | Y12: =IFERROR(IF($F12=Y$1,0.7,IF(AND(Y$1>$F12,Y$1<=$G12),100%,0))*BH12,"") -> 23759 | Z12: =IFERROR(IF($F12=Z$1,0.3,IF(AND(Z$1>$F12,Z$1<=$G12),100%,0))*BI12,"") -> 0 | AA12: =IFERROR(IF($F12=AA$1,0.3,IF(AND(AA$1>$F12,AA$1<=$G12),100%,0))*BJ12,"") -> 0 | AB12: =IFERROR(IF($F12=AB$1,0.3,IF(AND(AB$1>$F12,AB$1<=$G12),100%,0))*BK12,"") -> 0 | AC12: =SUM(Table1[[#This Row],[Jan]:[Dec]]) -> 374257 | AD12: =IFERROR($O12*Q12,"") -> 2228.1433 | AE12: =IFERROR($O12*R12,"") -> 0 | AF12: =IFERROR($O12*S12,"") -> 1297.5099 | AG12: =IFERROR($O12*T12,"") -> 2143.5777 | AH12: =IFERROR($O12*U12,"") -> 2228.1433 | AI12: =IFERROR($O12*V12,"") -> 2162.8458 | AJ12: =IFERROR($O12*W12,"") -> 2374.7127 | AK12: =IFERROR($O12*X12,"") -> 1995.4849 | ... AO12: =IFERROR($O12*AB12,"") -> 0 | AP12: =SUM(AD12:AF12) -> 3525.6532 | AQ12: =SUM(AG12:AI12) -> 6534.5668 | AR12: =SUM(AJ12:AL12) -> 5348.3838 | AS12: =SUM(AM12:AO12) -> 0 | AT12: =SUM(AD12:AO12)=SUM(AP12:AS12) -> TRUE | AU12: =IFERROR(K12*SUM($Q12:$AB12),"") -> 11047.024 | AV12: =IFERROR(L12*SUM($Q12:$AB12),"") -> 0 | AW12: =IFERROR(M12*SUM($Q12:$AB12),"") -> 4361.5795 | AX12: =IFERROR(N12*SUM($Q12:$AB12),"") -> 0 | AY12: =SUM(AU12:AX12) -> 15408.604 | AZ12: =IFERROR(IF($E12="REC",INDEX(A_Type_Volume!$B:$B,MATCH($D12,A_Type_Volume!$A:$A,0),1),IF($E12="VAM",INDEX(C_Type_Volume!$B:$B,MATCH($D12,C_Type_Volume!$A:$A,0),1),"X")),"") -> 54119 | BA12: =IFERROR(IF($E12="REC",INDEX(A_Type_Volume!$C:$C,MATCH($D12,A_Type_Volume!$A:$A,0),1),IF($E12="VAM",INDEX(C_Type_Volume!$C:$C,MATCH($D12,C_Type_Volume!$A:$A,0),1),"X")),"") -> 0 | BB12: =IFERROR(IF($E12="REC",INDEX(A_Type_Volume!$D:$D,MATCH($D12,A_Type_Volume!$A:$A,0),1),IF($E12="VAM",INDEX(C_Type_Volume!$D:$D,MATCH($D12,C_Type_Volume!$A:$A,0),1),"X")),"") -> 31515 | BC12: =IFERROR(IF($E12="REC",INDEX(A_Type_Volume!$E:$E,MATCH($D12,A_Type_Volume!$A:$A,0),1),IF($E12="VAM",INDEX(C_Type_Volume!$E:$E,MATCH($D12,C_Type_Volume!$A:$A,0),1),"X")),"") -> 52065 | BD12: =IFERROR(IF($E12="REC",INDEX(A_Type_Volume!$F:$F,MATCH($D12,A_Type_Volume!$A:$A,0),1),IF($E12="VAM",INDEX(C_Type_Volume!$F:$F,MATCH($D12,C_Type_Volume!$A:$A,0),1),"X")),"") -> 54119 | BE12: =IFERROR(IF($E12="REC",INDEX(A_Type_Volume!$G:$G,MATCH($D12,A_Type_Volume!$A:$A,0),1),IF($E12="VAM",INDEX(C_Type_Volume!$G:$G,MATCH($D12,C_Type_Volume!$A:$A,0),1),"X")),"") -> 52533 | BF12: =IFERROR(IF($E12="REC",INDEX(A_Type_Volume!$H:$H,MATCH($D12,A_Type_Volume!$A:$A,0),1),IF($E12="VAM",INDEX(C_Type_Volume!$H:$H,MATCH($D12,C_Type_Volume!$A:$A,0),1),"X")),"") -> 57679 | BG12: =IFERROR(IF($E12="REC",INDEX(A_Type_Volume!$I:$I,MATCH($D12,A_Type_Volume!$A:$A,0),1),IF($E12="VAM",INDEX(C_Type_Volume!$I:$I,MATCH($D12,C_Type_Volume!$A:$A,0),1),"X")),"") -> 48468 | BH12: =IFERROR(IF($E12="REC",INDEX(A_Type_Volume!$J:$J,MATCH($D12,A_Type_Volume!$A:$A,0),1),IF($E12="VAM",INDEX(C_Type_Volume!$J:$J,MATCH($D12,C_Type_Volume!$A:$A,0),1),"X")),"") -> 23759 | BI12: =IFERROR(IF($E12="REC",INDEX(A_Type_Volume!$K:$K,MATCH($D12,A_Type_Volume!$A:$A,0),1),IF($E12="VAM",INDEX(C_Type_Volume!$K:$K,MATCH($D12,C_Type_Volume!$A:$A,0),1),"X")),"") -> 49873 | BJ12: =IFERROR(IF($E12="REC",INDEX(A_Type_Volume!$L:$L,MATCH($D12,A_Type_Volume!$A:$A,0),1),IF($E12="VAM",INDEX(C_Type_Volume!$L:$L,MATCH($D12,C_Type_Volume!$A:$A,0),1),"X")),"") -> 39788 | BK12: =IFERROR(IF($E12="REC",INDEX(A_Type_Volume!M:M,MATCH($D12,A_Type_Volume!$A:$A,0),1),IF($E12="VAM",INDEX(C_Type_Volume!M:M,MATCH($D12,C_Type_Volume!$A:$A,0),1),"X")),"") -> 25198 | BL12: =SUM(Table1[[#This Row],[Jan_AVF]:[Dec_AVF]]) -> 489116 | BM12: =AZ12*$O12 -> 2228.1433 | BN12: =BA12*$O12 -> 0 | BO12: =BB12*$O12 -> 1297.5099 | BP12: =BC12*$O12 -> 2143.5777 | BQ12: =BD12*$O12 -> 2228.1433 | BR12: =BE12*$O12 -> 2162.8458 | BS12: =BF12*$O12 -> 2374.7127 | BT12: =BG12*$O12 -> 1995.4849 | ... BX12: =BK12*$O12 -> 1037.4315 | BY12: =IFERROR(SUM(BM12:BO12),"") -> 3525.6532 | BZ12: =IFERROR(SUM(BP12:BR12),"") -> 6534.5668 | CA12: =IFERROR(SUM(BS12:BU12),"") -> 5348.3838 | CB12: =IFERROR(SUM(BV12:BX12),"") -> 4728.881 | CC12: =IFERROR(Table1[[#This Row],[Labor Saving]]*Table1[[#This Row],[Annual Volume]],"") -> 14437.342 | CD12: =IFERROR(Table1[[#This Row],[Annual Volume]]*Table1[[#This Row],[Yield Saving]],"") -> 0 | CE12: =IFERROR(Table1[[#This Row],[Annual Volume]]*Table1[[#This Row],[Material Saving]],"") -> 5700.1427 | CF12: =IFERROR(Table1[[#This Row],[OH Saving]]*Table1[[#This Row],[Annual Volume]],"") -> 0 | CG12: =SUM(Table1[[#This Row],[Labor_ASV]:[OH_ASV]]) -> 20137.485
A13: =Table1[[#This Row],[Project Name]]&Table1[[#This Row],[Part Number]] -> Au Target Supplier XR51 | B13: =IFERROR(Table1[[#This Row],[Project Number]]&Table1[[#This Row],[Part Number]],"") -> AME25-005R51 | C13: AME25-005 | D13: R51 | E13: REC | F13: =INDEX(Proj_Reg!G:G,MATCH($C13,Proj_Reg!$B:$B,0),1) -> 45962 | G13: =INDEX(Proj_Reg!H:H,MATCH($C13,Proj_Reg!$B:$B,0),1) -> 46296 | H13: =IF(INDEX(Proj_Reg!C:C,MATCH($C13,Proj_Reg!$B:$B,0),1)=0,"",INDEX(Proj_Reg!C:C,MATCH($C13,Proj_Reg!$B:$B,0),1)) -> Sputtering | I13: =IF(INDEX(Proj_Reg!D:D,MATCH($C13,Proj_Reg!$B:$B,0),1)=0,"",INDEX(Proj_Reg!D:D,MATCH($C13,Proj_Reg!$B:$B,0),1)) -> XWP | J13: =INDEX(Proj_Reg!E:E,MATCH($C13,Proj_Reg!$B:$B,0),1) -> Au Target Supplier X | K13: 0.047160607 | L13: 0 | M13: 0.010287864 | N13: 0 | O13: =SUM(Table1[[#This Row],[Labor Saving]:[OH Saving]]) -> 0.057448471 | Q13: =IFERROR(IF($F13=Q$1,0.3,IF(AND(Q$1>$F13,Q$1<=$G13),100%,0))*AZ13,"") -> 79949 | R13: =IFERROR(IF($F13=R$1,0.3,IF(AND(R$1>$F13,R$1<=$G13),100%,0))*BA13,"") -> 96141 | S13: =IFERROR(IF($F13=S$1,0.3,IF(AND(S$1>$F13,S$1<=$G13),100%,0))*BB13,"") -> 143473 | T13: =IFERROR(IF($F13=T$1,0.3,IF(AND(T$1>$F13,T$1<=$G13),100%,0))*BC13,"") -> 139148 | U13: =IFERROR(IF($F13=U$1,0.3,IF(AND(U$1>$F13,U$1<=$G13),100%,0))*BD13,"") -> 99689 | V13: =IFERROR(IF($F13=V$1,0.3,IF(AND(V$1>$F13,V$1<=$G13),100%,0))*BE13,"") -> 15923 | W13: =IFERROR(IF($F13=W$1,0.3,IF(AND(W$1>$F13,W$1<=$G13),100%,0))*BF13,"") -> 111361 | X13: =IFERROR(IF($F13=X$1,0.3,IF(AND(X$1>$F13,X$1<=$G13),100%,0))*BG13,"") -> 69623 | Y13: =IFERROR(IF($F13=Y$1,0.7,IF(AND(Y$1>$F13,Y$1<=$G13),100%,0))*BH13,"") -> 95604 | Z13: =IFERROR(IF($F13=Z$1,0.3,IF(AND(Z$1>$F13,Z$1<=$G13),100%,0))*BI13,"") -> 144822 | AA13: =IFERROR(IF($F13=AA$1,0.3,IF(AND(AA$1>$F13,AA$1<=$G13),100%,0))*BJ13,"") -> 0 | AB13: =IFERROR(IF($F13=AB$1,0.3,IF(AND(AB$1>$F13,AB$1<=$G13),100%,0))*BK13,"") -> 0 | AC13: =SUM(Table1[[#This Row],[Jan]:[Dec]]) -> 995733 | AD13: =IFERROR($O13*Q13,"") -> 4592.9478 | AE13: =IFERROR($O13*R13,"") -> 5523.1535 | AF13: =IFERROR($O13*S13,"") -> 8242.3045 | AG13: =IFERROR($O13*T13,"") -> 7993.8399 | AH13: =IFERROR($O13*U13,"") -> 5726.9807 | AI13: =IFERROR($O13*V13,"") -> 914.75201 | AJ13: =IFERROR($O13*W13,"") -> 6397.5192 | AK13: =IFERROR($O13*X13,"") -> 3999.7349 | ... AO13: =IFERROR($O13*AB13,"") -> 0 | AP13: =SUM(AD13:AF13) -> 18358.406 | AQ13: =SUM(AG13:AI13) -> 14635.573 | AR13: =SUM(AJ13:AL13) -> 15889.558 | AS13: =SUM(AM13:AO13) -> 8319.8025 | AT13: =SUM(AD13:AO13)=SUM(AP13:AS13) -> TRUE | AU13: =IFERROR(K13*SUM($Q13:$AB13),"") -> 46959.373 | AV13: =IFERROR(L13*SUM($Q13:$AB13),"") -> 0 | AW13: =IFERROR(M13*SUM($Q13:$AB13),"") -> 10243.966 | AX13: =IFERROR(N13*SUM($Q13:$AB13),"") -> 0 | AY13: =SUM(AU13:AX13) -> 57203.339 | AZ13: =IFERROR(IF($E13="REC",INDEX(A_Type_Volume!$B:$B,MATCH($D13,A_Type_Volume!$A:$A,0),1),IF($E13="VAM",INDEX(C_Type_Volume!$B:$B,MATCH($D13,C_Type_Volume!$A:$A,0),1),"X")),"") -> 79949 | BA13: =IFERROR(IF($E13="REC",INDEX(A_Type_Volume!$C:$C,MATCH($D13,A_Type_Volume!$A:$A,0),1),IF($E13="VAM",INDEX(C_Type_Volume!$C:$C,MATCH($D13,C_Type_Volume!$A:$A,0),1),"X")),"") -> 96141 | BB13: =IFERROR(IF($E13="REC",INDEX(A_Type_Volume!$D:$D,MATCH($D13,A_Type_Volume!$A:$A,0),1),IF($E13="VAM",INDEX(C_Type_Volume!$D:$D,MATCH($D13,C_Type_Volume!$A:$A,0),1),"X")),"") -> 143473 | BC13: =IFERROR(IF($E13="REC",INDEX(A_Type_Volume!$E:$E,MATCH($D13,A_Type_Volume!$A:$A,0),1),IF($E13="VAM",INDEX(C_Type_Volume!$E:$E,MATCH($D13,C_Type_Volume!$A:$A,0),1),"X")),"") -> 139148 | BD13: =IFERROR(IF($E13="REC",INDEX(A_Type_Volume!$F:$F,MATCH($D13,A_Type_Volume!$A:$A,0),1),IF($E13="VAM",INDEX(C_Type_Volume!$F:$F,MATCH($D13,C_Type_Volume!$A:$A,0),1),"X")),"") -> 99689 | BE13: =IFERROR(IF($E13="REC",INDEX(A_Type_Volume!$G:$G,MATCH($D13,A_Type_Volume!$A:$A,0),1),IF($E13="VAM",INDEX(C_Type_Volume!$G:$G,MATCH($D13,C_Type_Volume!$A:$A,0),1),"X")),"") -> 15923 | BF13: =IFERROR(IF($E13="REC",INDEX(A_Type_Volume!$H:$H,MATCH($D13,A_Type_Volume!$A:$A,0),1),IF($E13="VAM",INDEX(C_Type_Volume!$H:$H,MATCH($D13,C_Type_Volume!$A:$A,0),1),"X")),"") -> 111361 | BG13: =IFERROR(IF($E13="REC",INDEX(A_Type_Volume!$I:$I,MATCH($D13,A_Type_Volume!$A:$A,0),1),IF($E13="VAM",INDEX(C_Type_Volume!$I:$I,MATCH($D13,C_Type_Volume!$A:$A,0),1),"X")),"") -> 69623 | BH13: =IFERROR(IF($E13="REC",INDEX(A_Type_Volume!$J:$J,MATCH($D13,A_Type_Volume!$A:$A,0),1),IF($E13="VAM",INDEX(C_Type_Volume!$J:$J,MATCH($D13,C_Type_Volume!$A:$A,0),1),"X")),"") -> 95604 | BI13: =IFERROR(IF($E13="REC",INDEX(A_Type_Volume!$K:$K,MATCH($D13,A_Type_Volume!$A:$A,0),1),IF($E13="VAM",INDEX(C_Type_Volume!$K:$K,MATCH($D13,C_Type_Volume!$A:$A,0),1),"X")),"") -> 144822 | BJ13: =IFERROR(IF($E13="REC",INDEX(A_Type_Volume!$L:$L,MATCH($D13,A_Type_Volume!$A:$A,0),1),IF($E13="VAM",INDEX(C_Type_Volume!$L:$L,MATCH($D13,C_Type_Volume!$A:$A,0),1),"X")),"") -> 75226 | BK13: =IFERROR(IF($E13="REC",INDEX(A_Type_Volume!M:M,MATCH($D13,A_Type_Volume!$A:$A,0),1),IF($E13="VAM",INDEX(C_Type_Volume!M:M,MATCH($D13,C_Type_Volume!$A:$A,0),1),"X")),"") -> 74082 | BL13: =SUM(Table1[[#This Row],[Jan_AVF]:[Dec_AVF]]) -> 1145041 | BM13: =AZ13*$O13 -> 4592.9478 | BN13: =BA13*$O13 -> 5523.1535 | BO13: =BB13*$O13 -> 8242.3045 | BP13: =BC13*$O13 -> 7993.8399 | BQ13: =BD13*$O13 -> 5726.9807 | BR13: =BE13*$O13 -> 914.75201 | BS13: =BF13*$O13 -> 6397.5192 | BT13: =BG13*$O13 -> 3999.7349 | ... BX13: =BK13*$O13 -> 4255.8977 | BY13: =IFERROR(SUM(BM13:BO13),"") -> 18358.406 | BZ13: =IFERROR(SUM(BP13:BR13),"") -> 14635.573 | CA13: =IFERROR(SUM(BS13:BU13),"") -> 15889.558 | CB13: =IFERROR(SUM(BV13:BX13),"") -> 16897.319 | CC13: =IFERROR(Table1[[#This Row],[Labor Saving]]*Table1[[#This Row],[Annual Volume]],"") -> 54000.829 | CD13: =IFERROR(Table1[[#This Row],[Annual Volume]]*Table1[[#This Row],[Yield Saving]],"") -> 0 | CE13: =IFERROR(Table1[[#This Row],[Annual Volume]]*Table1[[#This Row],[Material Saving]],"") -> 11780.027 | CF13: =IFERROR(Table1[[#This Row],[OH Saving]]*Table1[[#This Row],[Annual Volume]],"") -> 0 | CG13: =SUM(Table1[[#This Row],[Labor_ASV]:[OH_ASV]]) -> 65780.855
A14: =Table1[[#This Row],[Project Name]]&Table1[[#This Row],[Part Number]] -> Au Target Supplier ZR85 | B14: =IFERROR(Table1[[#This Row],[Project Number]]&Table1[[#This Row],[Part Number]],"") -> AME25-006R85 | C14: AME25-006 | D14: R85 | E14: REC | F14: =INDEX(Proj_Reg!G:G,MATCH($C14,Proj_Reg!$B:$B,0),1) -> 45962 | G14: =INDEX(Proj_Reg!H:H,MATCH($C14,Proj_Reg!$B:$B,0),1) -> 46296 | H14: =IF(INDEX(Proj_Reg!C:C,MATCH($C14,Proj_Reg!$B:$B,0),1)=0,"",INDEX(Proj_Reg!C:C,MATCH($C14,Proj_Reg!$B:$B,0),1)) -> Sputtering | I14: =IF(INDEX(Proj_Reg!D:D,MATCH($C14,Proj_Reg!$B:$B,0),1)=0,"",INDEX(Proj_Reg!D:D,MATCH($C14,Proj_Reg!$B:$B,0),1)) -> XWP | J14: =INDEX(Proj_Reg!E:E,MATCH($C14,Proj_Reg!$B:$B,0),1) -> Au Target Supplier Z | K14: 0.020521605 | L14: 0 | M14: 0.013578495 | N14: 0 | O14: =SUM(Table1[[#This Row],[Labor Saving]:[OH Saving]]) -> 0.0341001 | Q14: =IFERROR(IF($F14=Q$1,0.3,IF(AND(Q$1>$F14,Q$1<=$G14),100%,0))*AZ14,"") -> 35861 | R14: =IFERROR(IF($F14=R$1,0.3,IF(AND(R$1>$F14,R$1<=$G14),100%,0))*BA14,"") -> 59760 | S14: =IFERROR(IF($F14=S$1,0.3,IF(AND(S$1>$F14,S$1<=$G14),100%,0))*BB14,"") -> 66572 | T14: =IFERROR(IF($F14=T$1,0.3,IF(AND(T$1>$F14,T$1<=$G14),100%,0))*BC14,"") -> 55071 | U14: =IFERROR(IF($F14=U$1,0.3,IF(AND(U$1>$F14,U$1<=$G14),100%,0))*BD14,"") -> 62383 | V14: =IFERROR(IF($F14=V$1,0.3,IF(AND(V$1>$F14,V$1<=$G14),100%,0))*BE14,"") -> 57586 | W14: =IFERROR(IF($F14=W$1,0.3,IF(AND(W$1>$F14,W$1<=$G14),100%,0))*BF14,"") -> 57985 | X14: =IFERROR(IF($F14=X$1,0.3,IF(AND(X$1>$F14,X$1<=$G14),100%,0))*BG14,"") -> 45367 | Y14: =IFERROR(IF($F14=Y$1,0.7,IF(AND(Y$1>$F14,Y$1<=$G14),100%,0))*BH14,"") -> 52938 | Z14: =IFERROR(IF($F14=Z$1,0.3,IF(AND(Z$1>$F14,Z$1<=$G14),100%,0))*BI14,"") -> 38405 | AA14: =IFERROR(IF($F14=AA$1,0.3,IF(AND(AA$1>$F14,AA$1<=$G14),100%,0))*BJ14,"") -> 0 | AB14: =IFERROR(IF($F14=AB$1,0.3,IF(AND(AB$1>$F14,AB$1<=$G14),100%,0))*BK14,"") -> 0 | AC14: =SUM(Table1[[#This Row],[Jan]:[Dec]]) -> 531928 | AD14: =IFERROR($O14*Q14,"") -> 1222.8637 | AE14: =IFERROR($O14*R14,"") -> 2037.822 | AF14: =IFERROR($O14*S14,"") -> 2270.1119 | AG14: =IFERROR($O14*T14,"") -> 1877.9266 | AH14: =IFERROR($O14*U14,"") -> 2127.2665 | AI14: =IFERROR($O14*V14,"") -> 1963.6884 | AJ14: =IFERROR($O14*W14,"") -> 1977.2943 | AK14: =IFERROR($O14*X14,"") -> 1547.0192 | ... AO14: =IFERROR($O14*AB14,"") -> 0 | AP14: =SUM(AD14:AF14) -> 5530.7975 | AQ14: =SUM(AG14:AI14) -> 5968.8815 | AR14: =SUM(AJ14:AL14) -> 5329.5046 | AS14: =SUM(AM14:AO14) -> 1309.6143 | AT14: =SUM(AD14:AO14)=SUM(AP14:AS14) -> TRUE | AU14: =IFERROR(K14*SUM($Q14:$AB14),"") -> 10916.017 | AV14: =IFERROR(L14*SUM($Q14:$AB14),"") -> 0 | AW14: =IFERROR(M14*SUM($Q14:$AB14),"") -> 7222.7815 | AX14: =IFERROR(N14*SUM($Q14:$AB14),"") -> 0 | AY14: =SUM(AU14:AX14) -> 18138.798 | AZ14: =IFERROR(IF($E14="REC",INDEX(A_Type_Volume!$B:$B,MATCH($D14,A_Type_Volume!$A:$A,0),1),IF($E14="VAM",INDEX(C_Type_Volume!$B:$B,MATCH($D14,C_Type_Volume!$A:$A,0),1),"X")),"") -> 35861 | BA14: =IFERROR(IF($E14="REC",INDEX(A_Type_Volume!$C:$C,MATCH($D14,A_Type_Volume!$A:$A,0),1),IF($E14="VAM",INDEX(C_Type_Volume!$C:$C,MATCH($D14,C_Type_Volume!$A:$A,0),1),"X")),"") -> 59760 | BB14: =IFERROR(IF($E14="REC",INDEX(A_Type_Volume!$D:$D,MATCH($D14,A_Type_Volume!$A:$A,0),1),IF($E14="VAM",INDEX(C_Type_Volume!$D:$D,MATCH($D14,C_Type_Volume!$A:$A,0),1),"X")),"") -> 66572 | BC14: =IFERROR(IF($E14="REC",INDEX(A_Type_Volume!$E:$E,MATCH($D14,A_Type_Volume!$A:$A,0),1),IF($E14="VAM",INDEX(C_Type_Volume!$E:$E,MATCH($D14,C_Type_Volume!$A:$A,0),1),"X")),"") -> 55071 | BD14: =IFERROR(IF($E14="REC",INDEX(A_Type_Volume!$F:$F,MATCH($D14,A_Type_Volume!$A:$A,0),1),IF($E14="VAM",INDEX(C_Type_Volume!$F:$F,MATCH($D14,C_Type_Volume!$A:$A,0),1),"X")),"") -> 62383 | BE14: =IFERROR(IF($E14="REC",INDEX(A_Type_Volume!$G:$G,MATCH($D14,A_Type_Volume!$A:$A,0),1),IF($E14="VAM",INDEX(C_Type_Volume!$G:$G,MATCH($D14,C_Type_Volume!$A:$A,0),1),"X")),"") -> 57586 | BF14: =IFERROR(IF($E14="REC",INDEX(A_Type_Volume!$H:$H,MATCH($D14,A_Type_Volume!$A:$A,0),1),IF($E14="VAM",INDEX(C_Type_Volume!$H:$H,MATCH($D14,C_Type_Volume!$A:$A,0),1),"X")),"") -> 57985 | BG14: =IFERROR(IF($E14="REC",INDEX(A_Type_Volume!$I:$I,MATCH($D14,A_Type_Volume!$A:$A,0),1),IF($E14="VAM",INDEX(C_Type_Volume!$I:$I,MATCH($D14,C_Type_Volume!$A:$A,0),1),"X")),"") -> 45367 | BH14: =IFERROR(IF($E14="REC",INDEX(A_Type_Volume!$J:$J,MATCH($D14,A_Type_Volume!$A:$A,0),1),IF($E14="VAM",INDEX(C_Type_Volume!$J:$J,MATCH($D14,C_Type_Volume!$A:$A,0),1),"X")),"") -> 52938 | BI14: =IFERROR(IF($E14="REC",INDEX(A_Type_Volume!$K:$K,MATCH($D14,A_Type_Volume!$A:$A,0),1),IF($E14="VAM",INDEX(C_Type_Volume!$K:$K,MATCH($D14,C_Type_Volume!$A:$A,0),1),"X")),"") -> 38405 | BJ14: =IFERROR(IF($E14="REC",INDEX(A_Type_Volume!$L:$L,MATCH($D14,A_Type_Volume!$A:$A,0),1),IF($E14="VAM",INDEX(C_Type_Volume!$L:$L,MATCH($D14,C_Type_Volume!$A:$A,0),1),"X")),"") -> 33881 | BK14: =IFERROR(IF($E14="REC",INDEX(A_Type_Volume!M:M,MATCH($D14,A_Type_Volume!$A:$A,0),1),IF($E14="VAM",INDEX(C_Type_Volume!M:M,MATCH($D14,C_Type_Volume!$A:$A,0),1),"X")),"") -> 37969 | BL14: =SUM(Table1[[#This Row],[Jan_AVF]:[Dec_AVF]]) -> 603778 | BM14: =AZ14*$O14 -> 1222.8637 | BN14: =BA14*$O14 -> 2037.822 | BO14: =BB14*$O14 -> 2270.1119 | BP14: =BC14*$O14 -> 1877.9266 | BQ14: =BD14*$O14 -> 2127.2665 | BR14: =BE14*$O14 -> 1963.6884 | BS14: =BF14*$O14 -> 1977.2943 | BT14: =BG14*$O14 -> 1547.0192 | ... BX14: =BK14*$O14 -> 1294.7467 | BY14: =IFERROR(SUM(BM14:BO14),"") -> 5530.7975 | BZ14: =IFERROR(SUM(BP14:BR14),"") -> 5968.8815 | CA14: =IFERROR(SUM(BS14:BU14),"") -> 5329.5046 | CB14: =IFERROR(SUM(BV14:BX14),"") -> 3759.7065 | CC14: =IFERROR(Table1[[#This Row],[Labor Saving]]*Table1[[#This Row],[Annual Volume]],"") -> 12390.494 | CD14: =IFERROR(Table1[[#This Row],[Annual Volume]]*Table1[[#This Row],[Yield Saving]],"") -> 0 | CE14: =IFERROR(Table1[[#This Row],[Annual Volume]]*Table1[[#This Row],[Material Saving]],"") -> 8198.3964 | CF14: =IFERROR(Table1[[#This Row],[OH Saving]]*Table1[[#This Row],[Annual Volume]],"") -> 0 | CG14: =SUM(Table1[[#This Row],[Labor_ASV]:[OH_ASV]]) -> 20588.89
... A116: =Table1[[#This Row],[Project Name]]&Table1[[#This Row],[Part Number]] -> Au etching increase Frequency usageV26 | B116: =IFERROR(Table1[[#This Row],[Project Number]]&Table1[[#This Row],[Part Number]],"") -> AME25-064V26 | C116: AME25-064 | D116: V26 | E116: VAM | F116: =INDEX(Proj_Reg!G:G,MATCH($C116,Proj_Reg!$B:$B,0),1) -> 46204 | G116: =INDEX(Proj_Reg!H:H,MATCH($C116,Proj_Reg!$B:$B,0),1) -> 46539 | H116: =IF(INDEX(Proj_Reg!C:C,MATCH($C116,Proj_Reg!$B:$B,0),1)=0,"",INDEX(Proj_Reg!C:C,MATCH($C116,Proj_Reg!$B:$B,0),1)) -> Wet Etching | I116: =IF(INDEX(Proj_Reg!D:D,MATCH($C116,Proj_Reg!$B:$B,0),1)=0,"",INDEX(Proj_Reg!D:D,MATCH($C116,Proj_Reg!$B:$B,0),1)) -> XWP | J116: =INDEX(Proj_Reg!E:E,MATCH($C116,Proj_Reg!$B:$B,0),1) -> Au etching increase Frequency usage | K116: 0 | L116: 0 | M116: 0 | N116: 0 | O116: =SUM(Table1[[#This Row],[Labor Saving]:[OH Saving]]) -> 0 | Q116: =IFERROR(IF($F116=Q$1,0.3,IF(AND(Q$1>$F116,Q$1<=$G116),100%,0))*AZ116,"") -> 0 | R116: =IFERROR(IF($F116=R$1,0.3,IF(AND(R$1>$F116,R$1<=$G116),100%,0))*BA116,"") -> 0 | S116: =IFERROR(IF($F116=S$1,0.3,IF(AND(S$1>$F116,S$1<=$G116),100%,0))*BB116,"") -> 0 | T116: =IFERROR(IF($F116=T$1,0.3,IF(AND(T$1>$F116,T$1<=$G116),100%,0))*BC116,"") -> 0 | U116: =IFERROR(IF($F116=U$1,0.3,IF(AND(U$1>$F116,U$1<=$G116),100%,0))*BD116,"") -> 0 | V116: =IFERROR(IF($F116=V$1,0.3,IF(AND(V$1>$F116,V$1<=$G116),100%,0))*BE116,"") -> 0 | W116: =IFERROR(IF($F116=W$1,0.3,IF(AND(W$1>$F116,W$1<=$G116),100%,0))*BF116,"") -> 5910.3 | X116: =IFERROR(IF($F116=X$1,0.3,IF(AND(X$1>$F116,X$1<=$G116),100%,0))*BG116,"") -> 19022 | Y116: =IFERROR(IF($F116=Y$1,0.7,IF(AND(Y$1>$F116,Y$1<=$G116),100%,0))*BH116,"") -> 19701 | Z116: =IFERROR(IF($F116=Z$1,0.3,IF(AND(Z$1>$F116,Z$1<=$G116),100%,0))*BI116,"") -> 21113 | AA116: =IFERROR(IF($F116=AA$1,0.3,IF(AND(AA$1>$F116,AA$1<=$G116),100%,0))*BJ116,"") -> 19070 | AB116: =IFERROR(IF($F116=AB$1,0.3,IF(AND(AB$1>$F116,AB$1<=$G116),100%,0))*BK116,"") -> 17027 | AC116: =SUM(Table1[[#This Row],[Jan]:[Dec]]) -> 101843.3 | AD116: =IFERROR($O116*Q116,"") -> 0 | AE116: =IFERROR($O116*R116,"") -> 0 | AF116: =IFERROR($O116*S116,"") -> 0 | AG116: =IFERROR($O116*T116,"") -> 0 | AH116: =IFERROR($O116*U116,"") -> 0 | AI116: =IFERROR($O116*V116,"") -> 0 | AJ116: =IFERROR($O116*W116,"") -> 0 | AK116: =IFERROR($O116*X116,"") -> 0 | ... AO116: =IFERROR($O116*AB116,"") -> 0 | AP116: =SUM(AD116:AF116) -> 0 | AQ116: =SUM(AG116:AI116) -> 0 | AR116: =SUM(AJ116:AL116) -> 0 | AS116: =SUM(AM116:AO116) -> 0 | AT116: =SUM(AD116:AO116)=SUM(AP116:AS116) -> TRUE | AU116: =IFERROR(K116*SUM($Q116:$AB116),"") -> 0 | AV116: =IFERROR(L116*SUM($Q116:$AB116),"") -> 0 | AW116: =IFERROR(M116*SUM($Q116:$AB116),"") -> 0 | AX116: =IFERROR(N116*SUM($Q116:$AB116),"") -> 0 | AY116: =SUM(AU116:AX116) -> 0 | AZ116: =IFERROR(IF($E116="REC",INDEX(A_Type_Volume!$B:$B,MATCH($D116,A_Type_Volume!$A:$A,0),1),IF($E116="VAM",INDEX(C_Type_Volume!$B:$B,MATCH($D116,C_Type_Volume!$A:$A,0),1),"X")),"") -> 4739 | BA116: =IFERROR(IF($E116="REC",INDEX(A_Type_Volume!$C:$C,MATCH($D116,A_Type_Volume!$A:$A,0),1),IF($E116="VAM",INDEX(C_Type_Volume!$C:$C,MATCH($D116,C_Type_Volume!$A:$A,0),1),"X")),"") -> 12592 | BB116: =IFERROR(IF($E116="REC",INDEX(A_Type_Volume!$D:$D,MATCH($D116,A_Type_Volume!$A:$A,0),1),IF($E116="VAM",INDEX(C_Type_Volume!$D:$D,MATCH($D116,C_Type_Volume!$A:$A,0),1),"X")),"") -> 20120 | BC116: =IFERROR(IF($E116="REC",INDEX(A_Type_Volume!$E:$E,MATCH($D116,A_Type_Volume!$A:$A,0),1),IF($E116="VAM",INDEX(C_Type_Volume!$E:$E,MATCH($D116,C_Type_Volume!$A:$A,0),1),"X")),"") -> 16825 | BD116: =IFERROR(IF($E116="REC",INDEX(A_Type_Volume!$F:$F,MATCH($D116,A_Type_Volume!$A:$A,0),1),IF($E116="VAM",INDEX(C_Type_Volume!$F:$F,MATCH($D116,C_Type_Volume!$A:$A,0),1),"X")),"") -> 19517 | BE116: =IFERROR(IF($E116="REC",INDEX(A_Type_Volume!$G:$G,MATCH($D116,A_Type_Volume!$A:$A,0),1),IF($E116="VAM",INDEX(C_Type_Volume!$G:$G,MATCH($D116,C_Type_Volume!$A:$A,0),1),"X")),"") -> 18844 | BF116: =IFERROR(IF($E116="REC",INDEX(A_Type_Volume!$H:$H,MATCH($D116,A_Type_Volume!$A:$A,0),1),IF($E116="VAM",INDEX(C_Type_Volume!$H:$H,MATCH($D116,C_Type_Volume!$A:$A,0),1),"X")),"") -> 19701 | BG116: =IFERROR(IF($E116="REC",INDEX(A_Type_Volume!$I:$I,MATCH($D116,A_Type_Volume!$A:$A,0),1),IF($E116="VAM",INDEX(C_Type_Volume!$I:$I,MATCH($D116,C_Type_Volume!$A:$A,0),1),"X")),"") -> 19022 | BH116: =IFERROR(IF($E116="REC",INDEX(A_Type_Volume!$J:$J,MATCH($D116,A_Type_Volume!$A:$A,0),1),IF($E116="VAM",INDEX(C_Type_Volume!$J:$J,MATCH($D116,C_Type_Volume!$A:$A,0),1),"X")),"") -> 19701 | BI116: =IFERROR(IF($E116="REC",INDEX(A_Type_Volume!$K:$K,MATCH($D116,A_Type_Volume!$A:$A,0),1),IF($E116="VAM",INDEX(C_Type_Volume!$K:$K,MATCH($D116,C_Type_Volume!$A:$A,0),1),"X")),"") -> 21113 | BJ116: =IFERROR(IF($E116="REC",INDEX(A_Type_Volume!$L:$L,MATCH($D116,A_Type_Volume!$A:$A,0),1),IF($E116="VAM",INDEX(C_Type_Volume!$L:$L,MATCH($D116,C_Type_Volume!$A:$A,0),1),"X")),"") -> 19070 | BK116: =IFERROR(IF($E116="REC",INDEX(A_Type_Volume!M:M,MATCH($D116,A_Type_Volume!$A:$A,0),1),IF($E116="VAM",INDEX(C_Type_Volume!M:M,MATCH($D116,C_Type_Volume!$A:$A,0),1),"X")),"") -> 17027 | BL116: =SUM(Table1[[#This Row],[Jan_AVF]:[Dec_AVF]]) -> 208271 | BM116: =AZ116*$O116 -> 0 | BN116: =BA116*$O116 -> 0 | BO116: =BB116*$O116 -> 0 | BP116: =BC116*$O116 -> 0 | BQ116: =BD116*$O116 -> 0 | BR116: =BE116*$O116 -> 0 | BS116: =BF116*$O116 -> 0 | BT116: =BG116*$O116 -> 0 | ... BX116: =BK116*$O116 -> 0 | BY116: =IFERROR(SUM(BM116:BO116),"") -> 0 | BZ116: =IFERROR(SUM(BP116:BR116),"") -> 0 | CA116: =IFERROR(SUM(BS116:BU116),"") -> 0 | CB116: =IFERROR(SUM(BV116:BX116),"") -> 0 | CC116: =IFERROR(Table1[[#This Row],[Labor Saving]]*Table1[[#This Row],[Annual Volume]],"") -> 0 | CD116: =IFERROR(Table1[[#This Row],[Annual Volume]]*Table1[[#This Row],[Yield Saving]],"") -> 0 | CE116: =IFERROR(Table1[[#This Row],[Annual Volume]]*Table1[[#This Row],[Material Saving]],"") -> 0 | CF116: =IFERROR(Table1[[#This Row],[OH Saving]]*Table1[[#This Row],[Annual Volume]],"") -> 0 | CG116: =SUM(Table1[[#This Row],[Labor_ASV]:[OH_ASV]]) -> 0
A117: =Table1[[#This Row],[Project Name]]&Table1[[#This Row],[Part Number]] -> #N/A | B117: =IFERROR(Table1[[#This Row],[Project Number]]&Table1[[#This Row],[Part Number]],"") | C117: AME25-065 | D117: #N/A | E117: VAM | F117: =INDEX(Proj_Reg!G:G,MATCH($C117,Proj_Reg!$B:$B,0),1) -> For Confirmation | G117: =INDEX(Proj_Reg!H:H,MATCH($C117,Proj_Reg!$B:$B,0),1) -> #VALUE! | H117: =IF(INDEX(Proj_Reg!C:C,MATCH($C117,Proj_Reg!$B:$B,0),1)=0,"",INDEX(Proj_Reg!C:C,MATCH($C117,Proj_Reg!$B:$B,0),1)) -> Wet Etching | I117: =IF(INDEX(Proj_Reg!D:D,MATCH($C117,Proj_Reg!$B:$B,0),1)=0,"",INDEX(Proj_Reg!D:D,MATCH($C117,Proj_Reg!$B:$B,0),1)) -> XWP | J117: =INDEX(Proj_Reg!E:E,MATCH($C117,Proj_Reg!$B:$B,0),1) -> ERU5G Auto cut and strip | K117: 0 | L117: 0 | M117: 0 | N117: 0 | O117: =SUM(Table1[[#This Row],[Labor Saving]:[OH Saving]]) -> 0 | Q117: =IFERROR(IF($F117=Q$1,0.3,IF(AND(Q$1>$F117,Q$1<=$G117),100%,0))*AZ117,"") | R117: =IFERROR(IF($F117=R$1,0.3,IF(AND(R$1>$F117,R$1<=$G117),100%,0))*BA117,"") | S117: =IFERROR(IF($F117=S$1,0.3,IF(AND(S$1>$F117,S$1<=$G117),100%,0))*BB117,"") | T117: =IFERROR(IF($F117=T$1,0.3,IF(AND(T$1>$F117,T$1<=$G117),100%,0))*BC117,"") | U117: =IFERROR(IF($F117=U$1,0.3,IF(AND(U$1>$F117,U$1<=$G117),100%,0))*BD117,"") | V117: =IFERROR(IF($F117=V$1,0.3,IF(AND(V$1>$F117,V$1<=$G117),100%,0))*BE117,"") | W117: =IFERROR(IF($F117=W$1,0.3,IF(AND(W$1>$F117,W$1<=$G117),100%,0))*BF117,"") | X117: =IFERROR(IF($F117=X$1,0.3,IF(AND(X$1>$F117,X$1<=$G117),100%,0))*BG117,"") | Y117: =IFERROR(IF($F117=Y$1,0.7,IF(AND(Y$1>$F117,Y$1<=$G117),100%,0))*BH117,"") | Z117: =IFERROR(IF($F117=Z$1,0.3,IF(AND(Z$1>$F117,Z$1<=$G117),100%,0))*BI117,"") | AA117: =IFERROR(IF($F117=AA$1,0.3,IF(AND(AA$1>$F117,AA$1<=$G117),100%,0))*BJ117,"") | AB117: =IFERROR(IF($F117=AB$1,0.3,IF(AND(AB$1>$F117,AB$1<=$G117),100%,0))*BK117,"") | AC117: =SUM(Table1[[#This Row],[Jan]:[Dec]]) -> 0 | AD117: =IFERROR($O117*Q117,"") | AE117: =IFERROR($O117*R117,"") | AF117: =IFERROR($O117*S117,"") | AG117: =IFERROR($O117*T117,"") | AH117: =IFERROR($O117*U117,"") | AI117: =IFERROR($O117*V117,"") | AJ117: =IFERROR($O117*W117,"") | AK117: =IFERROR($O117*X117,"") | ... AO117: =IFERROR($O117*AB117,"") | AP117: =SUM(AD117:AF117) -> 0 | AQ117: =SUM(AG117:AI117) -> 0 | AR117: =SUM(AJ117:AL117) -> 0 | AS117: =SUM(AM117:AO117) -> 0 | AT117: =SUM(AD117:AO117)=SUM(AP117:AS117) -> TRUE | AU117: =IFERROR(K117*SUM($Q117:$AB117),"") -> 0 | AV117: =IFERROR(L117*SUM($Q117:$AB117),"") -> 0 | AW117: =IFERROR(M117*SUM($Q117:$AB117),"") -> 0 | AX117: =IFERROR(N117*SUM($Q117:$AB117),"") -> 0 | AY117: =SUM(AU117:AX117) -> 0 | AZ117: =IFERROR(IF($E117="REC",INDEX(A_Type_Volume!$B:$B,MATCH($D117,A_Type_Volume!$A:$A,0),1),IF($E117="VAM",INDEX(C_Type_Volume!$B:$B,MATCH($D117,C_Type_Volume!$A:$A,0),1),"X")),"") | BA117: =IFERROR(IF($E117="REC",INDEX(A_Type_Volume!$C:$C,MATCH($D117,A_Type_Volume!$A:$A,0),1),IF($E117="VAM",INDEX(C_Type_Volume!$C:$C,MATCH($D117,C_Type_Volume!$A:$A,0),1),"X")),"") | BB117: =IFERROR(IF($E117="REC",INDEX(A_Type_Volume!$D:$D,MATCH($D117,A_Type_Volume!$A:$A,0),1),IF($E117="VAM",INDEX(C_Type_Volume!$D:$D,MATCH($D117,C_Type_Volume!$A:$A,0),1),"X")),"") | BC117: =IFERROR(IF($E117="REC",INDEX(A_Type_Volume!$E:$E,MATCH($D117,A_Type_Volume!$A:$A,0),1),IF($E117="VAM",INDEX(C_Type_Volume!$E:$E,MATCH($D117,C_Type_Volume!$A:$A,0),1),"X")),"") | BD117: =IFERROR(IF($E117="REC",INDEX(A_Type_Volume!$F:$F,MATCH($D117,A_Type_Volume!$A:$A,0),1),IF($E117="VAM",INDEX(C_Type_Volume!$F:$F,MATCH($D117,C_Type_Volume!$A:$A,0),1),"X")),"") | BE117: =IFERROR(IF($E117="REC",INDEX(A_Type_Volume!$G:$G,MATCH($D117,A_Type_Volume!$A:$A,0),1),IF($E117="VAM",INDEX(C_Type_Volume!$G:$G,MATCH($D117,C_Type_Volume!$A:$A,0),1),"X")),"") | BF117: =IFERROR(IF($E117="REC",INDEX(A_Type_Volume!$H:$H,MATCH($D117,A_Type_Volume!$A:$A,0),1),IF($E117="VAM",INDEX(C_Type_Volume!$H:$H,MATCH($D117,C_Type_Volume!$A:$A,0),1),"X")),"") | BG117: =IFERROR(IF($E117="REC",INDEX(A_Type_Volume!$I:$I,MATCH($D117,A_Type_Volume!$A:$A,0),1),IF($E117="VAM",INDEX(C_Type_Volume!$I:$I,MATCH($D117,C_Type_Volume!$A:$A,0),1),"X")),"") | BH117: =IFERROR(IF($E117="REC",INDEX(A_Type_Volume!$J:$J,MATCH($D117,A_Type_Volume!$A:$A,0),1),IF($E117="VAM",INDEX(C_Type_Volume!$J:$J,MATCH($D117,C_Type_Volume!$A:$A,0),1),"X")),"") | BI117: =IFERROR(IF($E117="REC",INDEX(A_Type_Volume!$K:$K,MATCH($D117,A_Type_Volume!$A:$A,0),1),IF($E117="VAM",INDEX(C_Type_Volume!$K:$K,MATCH($D117,C_Type_Volume!$A:$A,0),1),"X")),"") | BJ117: =IFERROR(IF($E117="REC",INDEX(A_Type_Volume!$L:$L,MATCH($D117,A_Type_Volume!$A:$A,0),1),IF($E117="VAM",INDEX(C_Type_Volume!$L:$L,MATCH($D117,C_Type_Volume!$A:$A,0),1),"X")),"") | BK117: =IFERROR(IF($E117="REC",INDEX(A_Type_Volume!M:M,MATCH($D117,A_Type_Volume!$A:$A,0),1),IF($E117="VAM",INDEX(C_Type_Volume!M:M,MATCH($D117,C_Type_Volume!$A:$A,0),1),"X")),"") | BL117: =SUM(Table1[[#This Row],[Jan_AVF]:[Dec_AVF]]) -> 0 | BM117: =AZ117*$O117 -> #VALUE! | BN117: =BA117*$O117 -> #VALUE! | BO117: =BB117*$O117 -> #VALUE! | BP117: =BC117*$O117 -> #VALUE! | BQ117: =BD117*$O117 -> #VALUE! | BR117: =BE117*$O117 -> #VALUE! | BS117: =BF117*$O117 -> #VALUE! | BT117: =BG117*$O117 -> #VALUE! | ... BX117: =BK117*$O117 -> #VALUE! | BY117: =IFERROR(SUM(BM117:BO117),"") | BZ117: =IFERROR(SUM(BP117:BR117),"") | CA117: =IFERROR(SUM(BS117:BU117),"") | CB117: =IFERROR(SUM(BV117:BX117),"") | CC117: =IFERROR(Table1[[#This Row],[Labor Saving]]*Table1[[#This Row],[Annual Volume]],"") -> 0 | CD117: =IFERROR(Table1[[#This Row],[Annual Volume]]*Table1[[#This Row],[Yield Saving]],"") -> 0 | CE117: =IFERROR(Table1[[#This Row],[Annual Volume]]*Table1[[#This Row],[Material Saving]],"") -> 0 | CF117: =IFERROR(Table1[[#This Row],[OH Saving]]*Table1[[#This Row],[Annual Volume]],"") -> 0 | CG117: =SUM(Table1[[#This Row],[Labor_ASV]:[OH_ASV]]) -> 0
A118: =Table1[[#This Row],[Project Name]]&Table1[[#This Row],[Part Number]] -> Diamond blade Supplier AR6 | B118: =IFERROR(Table1[[#This Row],[Project Number]]&Table1[[#This Row],[Part Number]],"") -> AME25-030R6 | C118: AME25-030 | D118: R6 | E118: Rec | F118: =INDEX(Proj_Reg!G:G,MATCH($C118,Proj_Reg!$B:$B,0),1) -> 46113 | G118: =INDEX(Proj_Reg!H:H,MATCH($C118,Proj_Reg!$B:$B,0),1) -> 46447 | H118: =IF(INDEX(Proj_Reg!C:C,MATCH($C118,Proj_Reg!$B:$B,0),1)=0,"",INDEX(Proj_Reg!C:C,MATCH($C118,Proj_Reg!$B:$B,0),1)) -> Wafer Saw Dicing | I118: =IF(INDEX(Proj_Reg!D:D,MATCH($C118,Proj_Reg!$B:$B,0),1)=0,"",INDEX(Proj_Reg!D:D,MATCH($C118,Proj_Reg!$B:$B,0),1)) -> XCD | J118: =INDEX(Proj_Reg!E:E,MATCH($C118,Proj_Reg!$B:$B,0),1) -> Diamond blade Supplier A | K118: 0.0010828148 | L118: 0 | M118: 0 | N118: 0 | O118: =SUM(Table1[[#This Row],[Labor Saving]:[OH Saving]]) -> 0.0010828148 | Q118: =IFERROR(IF($F118=Q$1,0.3,IF(AND(Q$1>$F118,Q$1<=$G118),100%,0))*AZ118,"") -> 0 | R118: =IFERROR(IF($F118=R$1,0.3,IF(AND(R$1>$F118,R$1<=$G118),100%,0))*BA118,"") -> 0 | S118: =IFERROR(IF($F118=S$1,0.3,IF(AND(S$1>$F118,S$1<=$G118),100%,0))*BB118,"") -> 0 | T118: =IFERROR(IF($F118=T$1,0.3,IF(AND(T$1>$F118,T$1<=$G118),100%,0))*BC118,"") -> 27834.6 | U118: =IFERROR(IF($F118=U$1,0.3,IF(AND(U$1>$F118,U$1<=$G118),100%,0))*BD118,"") -> 123265 | V118: =IFERROR(IF($F118=V$1,0.3,IF(AND(V$1>$F118,V$1<=$G118),100%,0))*BE118,"") -> 115832 | W118: =IFERROR(IF($F118=W$1,0.3,IF(AND(W$1>$F118,W$1<=$G118),100%,0))*BF118,"") -> 134937 | X118: =IFERROR(IF($F118=X$1,0.3,IF(AND(X$1>$F118,X$1<=$G118),100%,0))*BG118,"") -> 83305 | Y118: =IFERROR(IF($F118=Y$1,0.7,IF(AND(Y$1>$F118,Y$1<=$G118),100%,0))*BH118,"") -> 103716 | Z118: =IFERROR(IF($F118=Z$1,0.3,IF(AND(Z$1>$F118,Z$1<=$G118),100%,0))*BI118,"") -> 62190 | AA118: =IFERROR(IF($F118=AA$1,0.3,IF(AND(AA$1>$F118,AA$1<=$G118),100%,0))*BJ118,"") -> 58078 | AB118: =IFERROR(IF($F118=AB$1,0.3,IF(AND(AB$1>$F118,AB$1<=$G118),100%,0))*BK118,"") -> 62044 | AC118: =SUM(Table1[[#This Row],[Jan]:[Dec]]) -> 771201.6 | AD118: =IFERROR($O118*Q118,"") -> 0 | AE118: =IFERROR($O118*R118,"") -> 0 | AF118: =IFERROR($O118*S118,"") -> 0 | AG118: =IFERROR($O118*T118,"") -> 30.139716 | AH118: =IFERROR($O118*U118,"") -> 133.47316 | AI118: =IFERROR($O118*V118,"") -> 125.4246 | AJ118: =IFERROR($O118*W118,"") -> 146.11178 | AK118: =IFERROR($O118*X118,"") -> 90.203886 | ... AO118: =IFERROR($O118*AB118,"") -> 67.18216 | AP118: =SUM(AD118:AF118) -> 0 | AQ118: =SUM(AG118:AI118) -> 289.03748 | AR118: =SUM(AJ118:AL118) -> 348.62088 | AS118: =SUM(AM118:AO118) -> 197.41013 | AT118: =SUM(AD118:AO118)=SUM(AP118:AS118) -> TRUE | AU118: =IFERROR(K118*SUM($Q118:$AB118),"") -> 835.06849 | AV118: =IFERROR(L118*SUM($Q118:$AB118),"") -> 0 | AW118: =IFERROR(M118*SUM($Q118:$AB118),"") -> 0 | AX118: =IFERROR(N118*SUM($Q118:$AB118),"") -> 0 | AY118: =SUM(AU118:AX118) -> 835.06849 | AZ118: =IFERROR(IF($E118="REC",INDEX(A_Type_Volume!$B:$B,MATCH($D118,A_Type_Volume!$A:$A,0),1),IF($E118="VAM",INDEX(C_Type_Volume!$B:$B,MATCH($D118,C_Type_Volume!$A:$A,0),1),"X")),"") -> 128754 | BA118: =IFERROR(IF($E118="REC",INDEX(A_Type_Volume!$C:$C,MATCH($D118,A_Type_Volume!$A:$A,0),1),IF($E118="VAM",INDEX(C_Type_Volume!$C:$C,MATCH($D118,C_Type_Volume!$A:$A,0),1),"X")),"") -> 121787 | BB118: =IFERROR(IF($E118="REC",INDEX(A_Type_Volume!$D:$D,MATCH($D118,A_Type_Volume!$A:$A,0),1),IF($E118="VAM",INDEX(C_Type_Volume!$D:$D,MATCH($D118,C_Type_Volume!$A:$A,0),1),"X")),"") -> 148422 | BC118: =IFERROR(IF($E118="REC",INDEX(A_Type_Volume!$E:$E,MATCH($D118,A_Type_Volume!$A:$A,0),1),IF($E118="VAM",INDEX(C_Type_Volume!$E:$E,MATCH($D118,C_Type_Volume!$A:$A,0),1),"X")),"") -> 92782 | BD118: =IFERROR(IF($E118="REC",INDEX(A_Type_Volume!$F:$F,MATCH($D118,A_Type_Volume!$A:$A,0),1),IF($E118="VAM",INDEX(C_Type_Volume!$F:$F,MATCH($D118,C_Type_Volume!$A:$A,0),1),"X")),"") -> 123265 | BE118: =IFERROR(IF($E118="REC",INDEX(A_Type_Volume!$G:$G,MATCH($D118,A_Type_Volume!$A:$A,0),1),IF($E118="VAM",INDEX(C_Type_Volume!$G:$G,MATCH($D118,C_Type_Volume!$A:$A,0),1),"X")),"") -> 115832 | BF118: =IFERROR(IF($E118="REC",INDEX(A_Type_Volume!$H:$H,MATCH($D118,A_Type_Volume!$A:$A,0),1),IF($E118="VAM",INDEX(C_Type_Volume!$H:$H,MATCH($D118,C_Type_Volume!$A:$A,0),1),"X")),"") -> 134937 | BG118: =IFERROR(IF($E118="REC",INDEX(A_Type_Volume!$I:$I,MATCH($D118,A_Type_Volume!$A:$A,0),1),IF($E118="VAM",INDEX(C_Type_Volume!$I:$I,MATCH($D118,C_Type_Volume!$A:$A,0),1),"X")),"") -> 83305 | BH118: =IFERROR(IF($E118="REC",INDEX(A_Type_Volume!$J:$J,MATCH($D118,A_Type_Volume!$A:$A,0),1),IF($E118="VAM",INDEX(C_Type_Volume!$J:$J,MATCH($D118,C_Type_Volume!$A:$A,0),1),"X")),"") -> 103716 | BI118: =IFERROR(IF($E118="REC",INDEX(A_Type_Volume!$K:$K,MATCH($D118,A_Type_Volume!$A:$A,0),1),IF($E118="VAM",INDEX(C_Type_Volume!$K:$K,MATCH($D118,C_Type_Volume!$A:$A,0),1),"X")),"") -> 62190 | BJ118: =IFERROR(IF($E118="REC",INDEX(A_Type_Volume!$L:$L,MATCH($D118,A_Type_Volume!$A:$A,0),1),IF($E118="VAM",INDEX(C_Type_Volume!$L:$L,MATCH($D118,C_Type_Volume!$A:$A,0),1),"X")),"") -> 58078 | BK118: =IFERROR(IF($E118="REC",INDEX(A_Type_Volume!M:M,MATCH($D118,A_Type_Volume!$A:$A,0),1),IF($E118="VAM",INDEX(C_Type_Volume!M:M,MATCH($D118,C_Type_Volume!$A:$A,0),1),"X")),"") -> 62044 | BL118: =SUM(Table1[[#This Row],[Jan_AVF]:[Dec_AVF]]) -> 1235112 | BM118: =AZ118*$O118 -> 139.41673 | BN118: =BA118*$O118 -> 131.87276 | BO118: =BB118*$O118 -> 160.71354 | BP118: =BC118*$O118 -> 100.46572 | BQ118: =BD118*$O118 -> 133.47316 | BR118: =BE118*$O118 -> 125.4246 | BS118: =BF118*$O118 -> 146.11178 | BT118: =BG118*$O118 -> 90.203886 | ... BX118: =BK118*$O118 -> 67.18216 | BY118: =IFERROR(SUM(BM118:BO118),"") -> 432.00303 | BZ118: =IFERROR(SUM(BP118:BR118),"") -> 359.36349 | CA118: =IFERROR(SUM(BS118:BU118),"") -> 348.62088 | CB118: =IFERROR(SUM(BV118:BX118),"") -> 197.41013 | CC118: =IFERROR(Table1[[#This Row],[Labor Saving]]*Table1[[#This Row],[Annual Volume]],"") -> 1337.3975 | CD118: =IFERROR(Table1[[#This Row],[Annual Volume]]*Table1[[#This Row],[Yield Saving]],"") -> 0 | CE118: =IFERROR(Table1[[#This Row],[Annual Volume]]*Table1[[#This Row],[Material Saving]],"") -> 0 | CF118: =IFERROR(Table1[[#This Row],[OH Saving]]*Table1[[#This Row],[Annual Volume]],"") -> 0 | CG118: =SUM(Table1[[#This Row],[Labor_ASV]:[OH_ASV]]) -> 1337.3975
A119: =Table1[[#This Row],[Project Name]]&Table1[[#This Row],[Part Number]] -> Diamond blade Supplier AR7 | B119: =IFERROR(Table1[[#This Row],[Project Number]]&Table1[[#This Row],[Part Number]],"") -> AME25-030R7 | C119: AME25-030 | D119: R7 | E119: Rec | F119: =INDEX(Proj_Reg!G:G,MATCH($C119,Proj_Reg!$B:$B,0),1) -> 46113 | G119: =INDEX(Proj_Reg!H:H,MATCH($C119,Proj_Reg!$B:$B,0),1) -> 46447 | H119: =IF(INDEX(Proj_Reg!C:C,MATCH($C119,Proj_Reg!$B:$B,0),1)=0,"",INDEX(Proj_Reg!C:C,MATCH($C119,Proj_Reg!$B:$B,0),1)) -> Wafer Saw Dicing | I119: =IF(INDEX(Proj_Reg!D:D,MATCH($C119,Proj_Reg!$B:$B,0),1)=0,"",INDEX(Proj_Reg!D:D,MATCH($C119,Proj_Reg!$B:$B,0),1)) -> XCD | J119: =INDEX(Proj_Reg!E:E,MATCH($C119,Proj_Reg!$B:$B,0),1) -> Diamond blade Supplier A | K119: 0.005912256 | L119: 0 | M119: -0.00058302508 | N119: 0 | O119: =SUM(Table1[[#This Row],[Labor Saving]:[OH Saving]]) -> 0.0053292309 | Q119: =IFERROR(IF($F119=Q$1,0.3,IF(AND(Q$1>$F119,Q$1<=$G119),100%,0))*AZ119,"") -> 0 | R119: =IFERROR(IF($F119=R$1,0.3,IF(AND(R$1>$F119,R$1<=$G119),100%,0))*BA119,"") -> 0 | S119: =IFERROR(IF($F119=S$1,0.3,IF(AND(S$1>$F119,S$1<=$G119),100%,0))*BB119,"") -> 0 | T119: =IFERROR(IF($F119=T$1,0.3,IF(AND(T$1>$F119,T$1<=$G119),100%,0))*BC119,"") -> 27834.6 | U119: =IFERROR(IF($F119=U$1,0.3,IF(AND(U$1>$F119,U$1<=$G119),100%,0))*BD119,"") -> 123265 | V119: =IFERROR(IF($F119=V$1,0.3,IF(AND(V$1>$F119,V$1<=$G119),100%,0))*BE119,"") -> 115832 | W119: =IFERROR(IF($F119=W$1,0.3,IF(AND(W$1>$F119,W$1<=$G119),100%,0))*BF119,"") -> 134937 | X119: =IFERROR(IF($F119=X$1,0.3,IF(AND(X$1>$F119,X$1<=$G119),100%,0))*BG119,"") -> 83305 | Y119: =IFERROR(IF($F119=Y$1,0.7,IF(AND(Y$1>$F119,Y$1<=$G119),100%,0))*BH119,"") -> 103716 | Z119: =IFERROR(IF($F119=Z$1,0.3,IF(AND(Z$1>$F119,Z$1<=$G119),100%,0))*BI119,"") -> 62190 | AA119: =IFERROR(IF($F119=AA$1,0.3,IF(AND(AA$1>$F119,AA$1<=$G119),100%,0))*BJ119,"") -> 58078 | AB119: =IFERROR(IF($F119=AB$1,0.3,IF(AND(AB$1>$F119,AB$1<=$G119),100%,0))*BK119,"") -> 62044 | AC119: =SUM(Table1[[#This Row],[Jan]:[Dec]]) -> 771201.6 | AD119: =IFERROR($O119*Q119,"") -> 0 | AE119: =IFERROR($O119*R119,"") -> 0 | AF119: =IFERROR($O119*S119,"") -> 0 | AG119: =IFERROR($O119*T119,"") -> 148.33701 | AH119: =IFERROR($O119*U119,"") -> 656.90765 | AI119: =IFERROR($O119*V119,"") -> 617.29548 | AJ119: =IFERROR($O119*W119,"") -> 719.11043 | AK119: =IFERROR($O119*X119,"") -> 443.95158 | ... AO119: =IFERROR($O119*AB119,"") -> 330.6468 | AP119: =SUM(AD119:AF119) -> 0 | AQ119: =SUM(AG119:AI119) -> 1422.5401 | AR119: =SUM(AJ119:AL119) -> 1715.7885 | AS119: =SUM(AM119:AO119) -> 971.58275 | AT119: =SUM(AD119:AO119)=SUM(AP119:AS119) -> TRUE | AU119: =IFERROR(K119*SUM($Q119:$AB119),"") -> 4559.5413 | AV119: =IFERROR(L119*SUM($Q119:$AB119),"") -> 0 | AW119: =IFERROR(M119*SUM($Q119:$AB119),"") -> -449.62988 | AX119: =IFERROR(N119*SUM($Q119:$AB119),"") -> 0 | AY119: =SUM(AU119:AX119) -> 4109.9114 | AZ119: =IFERROR(IF($E119="REC",INDEX(A_Type_Volume!$B:$B,MATCH($D119,A_Type_Volume!$A:$A,0),1),IF($E119="VAM",INDEX(C_Type_Volume!$B:$B,MATCH($D119,C_Type_Volume!$A:$A,0),1),"X")),"") -> 128754 | BA119: =IFERROR(IF($E119="REC",INDEX(A_Type_Volume!$C:$C,MATCH($D119,A_Type_Volume!$A:$A,0),1),IF($E119="VAM",INDEX(C_Type_Volume!$C:$C,MATCH($D119,C_Type_Volume!$A:$A,0),1),"X")),"") -> 121787 | BB119: =IFERROR(IF($E119="REC",INDEX(A_Type_Volume!$D:$D,MATCH($D119,A_Type_Volume!$A:$A,0),1),IF($E119="VAM",INDEX(C_Type_Volume!$D:$D,MATCH($D119,C_Type_Volume!$A:$A,0),1),"X")),"") -> 148422 | BC119: =IFERROR(IF($E119="REC",INDEX(A_Type_Volume!$E:$E,MATCH($D119,A_Type_Volume!$A:$A,0),1),IF($E119="VAM",INDEX(C_Type_Volume!$E:$E,MATCH($D119,C_Type_Volume!$A:$A,0),1),"X")),"") -> 92782 | BD119: =IFERROR(IF($E119="REC",INDEX(A_Type_Volume!$F:$F,MATCH($D119,A_Type_Volume!$A:$A,0),1),IF($E119="VAM",INDEX(C_Type_Volume!$F:$F,MATCH($D119,C_Type_Volume!$A:$A,0),1),"X")),"") -> 123265 | BE119: =IFERROR(IF($E119="REC",INDEX(A_Type_Volume!$G:$G,MATCH($D119,A_Type_Volume!$A:$A,0),1),IF($E119="VAM",INDEX(C_Type_Volume!$G:$G,MATCH($D119,C_Type_Volume!$A:$A,0),1),"X")),"") -> 115832 | BF119: =IFERROR(IF($E119="REC",INDEX(A_Type_Volume!$H:$H,MATCH($D119,A_Type_Volume!$A:$A,0),1),IF($E119="VAM",INDEX(C_Type_Volume!$H:$H,MATCH($D119,C_Type_Volume!$A:$A,0),1),"X")),"") -> 134937 | BG119: =IFERROR(IF($E119="REC",INDEX(A_Type_Volume!$I:$I,MATCH($D119,A_Type_Volume!$A:$A,0),1),IF($E119="VAM",INDEX(C_Type_Volume!$I:$I,MATCH($D119,C_Type_Volume!$A:$A,0),1),"X")),"") -> 83305 | BH119: =IFERROR(IF($E119="REC",INDEX(A_Type_Volume!$J:$J,MATCH($D119,A_Type_Volume!$A:$A,0),1),IF($E119="VAM",INDEX(C_Type_Volume!$J:$J,MATCH($D119,C_Type_Volume!$A:$A,0),1),"X")),"") -> 103716 | BI119: =IFERROR(IF($E119="REC",INDEX(A_Type_Volume!$K:$K,MATCH($D119,A_Type_Volume!$A:$A,0),1),IF($E119="VAM",INDEX(C_Type_Volume!$K:$K,MATCH($D119,C_Type_Volume!$A:$A,0),1),"X")),"") -> 62190 | BJ119: =IFERROR(IF($E119="REC",INDEX(A_Type_Volume!$L:$L,MATCH($D119,A_Type_Volume!$A:$A,0),1),IF($E119="VAM",INDEX(C_Type_Volume!$L:$L,MATCH($D119,C_Type_Volume!$A:$A,0),1),"X")),"") -> 58078 | BK119: =IFERROR(IF($E119="REC",INDEX(A_Type_Volume!M:M,MATCH($D119,A_Type_Volume!$A:$A,0),1),IF($E119="VAM",INDEX(C_Type_Volume!M:M,MATCH($D119,C_Type_Volume!$A:$A,0),1),"X")),"") -> 62044 | BL119: =SUM(Table1[[#This Row],[Jan_AVF]:[Dec_AVF]]) -> 1235112 | BM119: =AZ119*$O119 -> 686.1598 | BN119: =BA119*$O119 -> 649.03105 | BO119: =BB119*$O119 -> 790.97511 | BP119: =BC119*$O119 -> 494.4567 | BQ119: =BD119*$O119 -> 656.90765 | BR119: =BE119*$O119 -> 617.29548 | BS119: =BF119*$O119 -> 719.11043 | BT119: =BG119*$O119 -> 443.95158 | ... BX119: =BK119*$O119 -> 330.6468 | BY119: =IFERROR(SUM(BM119:BO119),"") -> 2126.166 | BZ119: =IFERROR(SUM(BP119:BR119),"") -> 1768.6598 | CA119: =IFERROR(SUM(BS119:BU119),"") -> 1715.7885 | CB119: =IFERROR(SUM(BV119:BX119),"") -> 971.58275 | CC119: =IFERROR(Table1[[#This Row],[Labor Saving]]*Table1[[#This Row],[Annual Volume]],"") -> 7302.2983 | CD119: =IFERROR(Table1[[#This Row],[Annual Volume]]*Table1[[#This Row],[Yield Saving]],"") -> 0 | CE119: =IFERROR(Table1[[#This Row],[Annual Volume]]*Table1[[#This Row],[Material Saving]],"") -> -720.10128 | CF119: =IFERROR(Table1[[#This Row],[OH Saving]]*Table1[[#This Row],[Annual Volume]],"") -> 0 | CG119: =SUM(Table1[[#This Row],[Labor_ASV]:[OH_ASV]]) -> 6582.1971
A120: =Table1[[#This Row],[Project Name]]&Table1[[#This Row],[Part Number]] -> Thermal Release Tape 1R76 | B120: =IFERROR(Table1[[#This Row],[Project Number]]&Table1[[#This Row],[Part Number]],"") -> AME25-038R76 | C120: AME25-038 | D120: R76 | E120: REC | F120: =INDEX(Proj_Reg!G:G,MATCH($C120,Proj_Reg!$B:$B,0),1) -> 46113 | G120: =INDEX(Proj_Reg!H:H,MATCH($C120,Proj_Reg!$B:$B,0),1) -> 46447 | H120: =IF(INDEX(Proj_Reg!C:C,MATCH($C120,Proj_Reg!$B:$B,0),1)=0,"",INDEX(Proj_Reg!C:C,MATCH($C120,Proj_Reg!$B:$B,0),1)) -> Wafer Saw Dicing | I120: =IF(INDEX(Proj_Reg!D:D,MATCH($C120,Proj_Reg!$B:$B,0),1)=0,"",INDEX(Proj_Reg!D:D,MATCH($C120,Proj_Reg!$B:$B,0),1)) -> XCD | J120: =INDEX(Proj_Reg!E:E,MATCH($C120,Proj_Reg!$B:$B,0),1) -> Thermal Release Tape 1 | K120: 0.005912256 | L120: 0 | M120: -0.00058302508 | N120: 0 | O120: =SUM(Table1[[#This Row],[Labor Saving]:[OH Saving]]) -> 0.0053292309 | Q120: =IFERROR(IF($F120=Q$1,0.3,IF(AND(Q$1>$F120,Q$1<=$G120),100%,0))*AZ120,"") -> 0 | R120: =IFERROR(IF($F120=R$1,0.3,IF(AND(R$1>$F120,R$1<=$G120),100%,0))*BA120,"") -> 0 | S120: =IFERROR(IF($F120=S$1,0.3,IF(AND(S$1>$F120,S$1<=$G120),100%,0))*BB120,"") -> 0 | T120: =IFERROR(IF($F120=T$1,0.3,IF(AND(T$1>$F120,T$1<=$G120),100%,0))*BC120,"") -> 8815.8 | U120: =IFERROR(IF($F120=U$1,0.3,IF(AND(U$1>$F120,U$1<=$G120),100%,0))*BD120,"") -> 504 | V120: =IFERROR(IF($F120=V$1,0.3,IF(AND(V$1>$F120,V$1<=$G120),100%,0))*BE120,"") -> 447 | W120: =IFERROR(IF($F120=W$1,0.3,IF(AND(W$1>$F120,W$1<=$G120),100%,0))*BF120,"") -> 34310 | X120: =IFERROR(IF($F120=X$1,0.3,IF(AND(X$1>$F120,X$1<=$G120),100%,0))*BG120,"") -> 24123 | Y120: =IFERROR(IF($F120=Y$1,0.7,IF(AND(Y$1>$F120,Y$1<=$G120),100%,0))*BH120,"") -> 21023 | Z120: =IFERROR(IF($F120=Z$1,0.3,IF(AND(Z$1>$F120,Z$1<=$G120),100%,0))*BI120,"") -> 20665 | AA120: =IFERROR(IF($F120=AA$1,0.3,IF(AND(AA$1>$F120,AA$1<=$G120),100%,0))*BJ120,"") -> 19299 | AB120: =IFERROR(IF($F120=AB$1,0.3,IF(AND(AB$1>$F120,AB$1<=$G120),100%,0))*BK120,"") -> 13820 | AC120: =SUM(Table1[[#This Row],[Jan]:[Dec]]) -> 143006.8 | AD120: =IFERROR($O120*Q120,"") -> 0 | AE120: =IFERROR($O120*R120,"") -> 0 | AF120: =IFERROR($O120*S120,"") -> 0 | AG120: =IFERROR($O120*T120,"") -> 46.981434 | AH120: =IFERROR($O120*U120,"") -> 2.6859324 | AI120: =IFERROR($O120*V120,"") -> 2.3821662 | AJ120: =IFERROR($O120*W120,"") -> 182.84591 | AK120: =IFERROR($O120*X120,"") -> 128.55704 | ... AO120: =IFERROR($O120*AB120,"") -> 73.649971 | AP120: =SUM(AD120:AF120) -> 0 | AQ120: =SUM(AG120:AI120) -> 52.049533 | AR120: =SUM(AJ120:AL120) -> 423.43937 | AS120: =SUM(AM120:AO120) -> 286.62736 | AT120: =SUM(AD120:AO120)=SUM(AP120:AS120) -> TRUE | AU120: =IFERROR(K120*SUM($Q120:$AB120),"") -> 845.49281 | AV120: =IFERROR(L120*SUM($Q120:$AB120),"") -> 0 | AW120: =IFERROR(M120*SUM($Q120:$AB120),"") -> -83.376552 | AX120: =IFERROR(N120*SUM($Q120:$AB120),"") -> 0 | AY120: =SUM(AU120:AX120) -> 762.11626 | AZ120: =IFERROR(IF($E120="REC",INDEX(A_Type_Volume!$B:$B,MATCH($D120,A_Type_Volume!$A:$A,0),1),IF($E120="VAM",INDEX(C_Type_Volume!$B:$B,MATCH($D120,C_Type_Volume!$A:$A,0),1),"X")),"") -> 545 | BA120: =IFERROR(IF($E120="REC",INDEX(A_Type_Volume!$C:$C,MATCH($D120,A_Type_Volume!$A:$A,0),1),IF($E120="VAM",INDEX(C_Type_Volume!$C:$C,MATCH($D120,C_Type_Volume!$A:$A,0),1),"X")),"") -> 577 | BB120: =IFERROR(IF($E120="REC",INDEX(A_Type_Volume!$D:$D,MATCH($D120,A_Type_Volume!$A:$A,0),1),IF($E120="VAM",INDEX(C_Type_Volume!$D:$D,MATCH($D120,C_Type_Volume!$A:$A,0),1),"X")),"") -> 32005 | BC120: =IFERROR(IF($E120="REC",INDEX(A_Type_Volume!$E:$E,MATCH($D120,A_Type_Volume!$A:$A,0),1),IF($E120="VAM",INDEX(C_Type_Volume!$E:$E,MATCH($D120,C_Type_Volume!$A:$A,0),1),"X")),"") -> 29386 | BD120: =IFERROR(IF($E120="REC",INDEX(A_Type_Volume!$F:$F,MATCH($D120,A_Type_Volume!$A:$A,0),1),IF($E120="VAM",INDEX(C_Type_Volume!$F:$F,MATCH($D120,C_Type_Volume!$A:$A,0),1),"X")),"") -> 504 | BE120: =IFERROR(IF($E120="REC",INDEX(A_Type_Volume!$G:$G,MATCH($D120,A_Type_Volume!$A:$A,0),1),IF($E120="VAM",INDEX(C_Type_Volume!$G:$G,MATCH($D120,C_Type_Volume!$A:$A,0),1),"X")),"") -> 447 | BF120: =IFERROR(IF($E120="REC",INDEX(A_Type_Volume!$H:$H,MATCH($D120,A_Type_Volume!$A:$A,0),1),IF($E120="VAM",INDEX(C_Type_Volume!$H:$H,MATCH($D120,C_Type_Volume!$A:$A,0),1),"X")),"") -> 34310 | BG120: =IFERROR(IF($E120="REC",INDEX(A_Type_Volume!$I:$I,MATCH($D120,A_Type_Volume!$A:$A,0),1),IF($E120="VAM",INDEX(C_Type_Volume!$I:$I,MATCH($D120,C_Type_Volume!$A:$A,0),1),"X")),"") -> 24123 | BH120: =IFERROR(IF($E120="REC",INDEX(A_Type_Volume!$J:$J,MATCH($D120,A_Type_Volume!$A:$A,0),1),IF($E120="VAM",INDEX(C_Type_Volume!$J:$J,MATCH($D120,C_Type_Volume!$A:$A,0),1),"X")),"") -> 21023 | BI120: =IFERROR(IF($E120="REC",INDEX(A_Type_Volume!$K:$K,MATCH($D120,A_Type_Volume!$A:$A,0),1),IF($E120="VAM",INDEX(C_Type_Volume!$K:$K,MATCH($D120,C_Type_Volume!$A:$A,0),1),"X")),"") -> 20665 | BJ120: =IFERROR(IF($E120="REC",INDEX(A_Type_Volume!$L:$L,MATCH($D120,A_Type_Volume!$A:$A,0),1),IF($E120="VAM",INDEX(C_Type_Volume!$L:$L,MATCH($D120,C_Type_Volume!$A:$A,0),1),"X")),"") -> 19299 | BK120: =IFERROR(IF($E120="REC",INDEX(A_Type_Volume!M:M,MATCH($D120,A_Type_Volume!$A:$A,0),1),IF($E120="VAM",INDEX(C_Type_Volume!M:M,MATCH($D120,C_Type_Volume!$A:$A,0),1),"X")),"") -> 13820 | BL120: =SUM(Table1[[#This Row],[Jan_AVF]:[Dec_AVF]]) -> 196704 | BM120: =AZ120*$O120 -> 2.9044308 | BN120: =BA120*$O120 -> 3.0749662 | BO120: =BB120*$O120 -> 170.56204 | BP120: =BC120*$O120 -> 156.60478 | BQ120: =BD120*$O120 -> 2.6859324 | BR120: =BE120*$O120 -> 2.3821662 | BS120: =BF120*$O120 -> 182.84591 | BT120: =BG120*$O120 -> 128.55704 | ... BX120: =BK120*$O120 -> 73.649971 | BY120: =IFERROR(SUM(BM120:BO120),"") -> 176.54143 | BZ120: =IFERROR(SUM(BP120:BR120),"") -> 161.67288 | CA120: =IFERROR(SUM(BS120:BU120),"") -> 423.43937 | CB120: =IFERROR(SUM(BV120:BX120),"") -> 286.62736 | CC120: =IFERROR(Table1[[#This Row],[Labor Saving]]*Table1[[#This Row],[Annual Volume]],"") -> 1162.9644 | CD120: =IFERROR(Table1[[#This Row],[Annual Volume]]*Table1[[#This Row],[Yield Saving]],"") -> 0 | CE120: =IFERROR(Table1[[#This Row],[Annual Volume]]*Table1[[#This Row],[Material Saving]],"") -> -114.68337 | CF120: =IFERROR(Table1[[#This Row],[OH Saving]]*Table1[[#This Row],[Annual Volume]],"") -> 0 | CG120: =SUM(Table1[[#This Row],[Labor_ASV]:[OH_ASV]]) -> 1048.281
A121: =Table1[[#This Row],[Project Name]]&Table1[[#This Row],[Part Number]] -> Tape Dicing 5R144 | B121: =IFERROR(Table1[[#This Row],[Project Number]]&Table1[[#This Row],[Part Number]],"") -> AME25-090R144 | C121: AME25-090 | D121: R144 | E121: REC | F121: =INDEX(Proj_Reg!G:G,MATCH($C121,Proj_Reg!$B:$B,0),1) -> 46143 | G121: =INDEX(Proj_Reg!H:H,MATCH($C121,Proj_Reg!$B:$B,0),1) -> 46478 | H121: =IF(INDEX(Proj_Reg!C:C,MATCH($C121,Proj_Reg!$B:$B,0),1)=0,"",INDEX(Proj_Reg!C:C,MATCH($C121,Proj_Reg!$B:$B,0),1)) -> Wafer Saw Dicing | I121: =IF(INDEX(Proj_Reg!D:D,MATCH($C121,Proj_Reg!$B:$B,0),1)=0,"",INDEX(Proj_Reg!D:D,MATCH($C121,Proj_Reg!$B:$B,0),1)) -> XCD | J121: =INDEX(Proj_Reg!E:E,MATCH($C121,Proj_Reg!$B:$B,0),1) -> Tape Dicing 5 | K121: 0.005912256 | L121: 0 | M121: -0.00058302508 | N121: 0 | O121: =SUM(Table1[[#This Row],[Labor Saving]:[OH Saving]]) -> 0.0053292309 | Q121: =IFERROR(IF($F121=Q$1,0.3,IF(AND(Q$1>$F121,Q$1<=$G121),100%,0))*AZ121,"") -> 0 | R121: =IFERROR(IF($F121=R$1,0.3,IF(AND(R$1>$F121,R$1<=$G121),100%,0))*BA121,"") -> 0 | S121: =IFERROR(IF($F121=S$1,0.3,IF(AND(S$1>$F121,S$1<=$G121),100%,0))*BB121,"") -> 0 | T121: =IFERROR(IF($F121=T$1,0.3,IF(AND(T$1>$F121,T$1<=$G121),100%,0))*BC121,"") -> 0 | U121: =IFERROR(IF($F121=U$1,0.3,IF(AND(U$1>$F121,U$1<=$G121),100%,0))*BD121,"") -> 0 | V121: =IFERROR(IF($F121=V$1,0.3,IF(AND(V$1>$F121,V$1<=$G121),100%,0))*BE121,"") -> 0 | W121: =IFERROR(IF($F121=W$1,0.3,IF(AND(W$1>$F121,W$1<=$G121),100%,0))*BF121,"") -> 0 | X121: =IFERROR(IF($F121=X$1,0.3,IF(AND(X$1>$F121,X$1<=$G121),100%,0))*BG121,"") -> 0 | Y121: =IFERROR(IF($F121=Y$1,0.7,IF(AND(Y$1>$F121,Y$1<=$G121),100%,0))*BH121,"") -> 0 | Z121: =IFERROR(IF($F121=Z$1,0.3,IF(AND(Z$1>$F121,Z$1<=$G121),100%,0))*BI121,"") -> 0 | AA121: =IFERROR(IF($F121=AA$1,0.3,IF(AND(AA$1>$F121,AA$1<=$G121),100%,0))*BJ121,"") -> 0 | AB121: =IFERROR(IF($F121=AB$1,0.3,IF(AND(AB$1>$F121,AB$1<=$G121),100%,0))*BK121,"") -> 0 | AC121: =SUM(Table1[[#This Row],[Jan]:[Dec]]) -> 0 | AD121: =IFERROR($O121*Q121,"") -> 0 | AE121: =IFERROR($O121*R121,"") -> 0 | AF121: =IFERROR($O121*S121,"") -> 0 | AG121: =IFERROR($O121*T121,"") -> 0 | AH121: =IFERROR($O121*U121,"") -> 0 | AI121: =IFERROR($O121*V121,"") -> 0 | AJ121: =IFERROR($O121*W121,"") -> 0 | AK121: =IFERROR($O121*X121,"") -> 0 | ... AO121: =IFERROR($O121*AB121,"") -> 0 | AP121: =SUM(AD121:AF121) -> 0 | AQ121: =SUM(AG121:AI121) -> 0 | AR121: =SUM(AJ121:AL121) -> 0 | AS121: =SUM(AM121:AO121) -> 0 | AT121: =SUM(AD121:AO121)=SUM(AP121:AS121) -> TRUE | AU121: =IFERROR(K121*SUM($Q121:$AB121),"") -> 0 | AV121: =IFERROR(L121*SUM($Q121:$AB121),"") -> 0 | AW121: =IFERROR(M121*SUM($Q121:$AB121),"") -> 0 | AX121: =IFERROR(N121*SUM($Q121:$AB121),"") -> 0 | AY121: =SUM(AU121:AX121) -> 0 | AZ121: =IFERROR(IF($E121="REC",INDEX(A_Type_Volume!$B:$B,MATCH($D121,A_Type_Volume!$A:$A,0),1),IF($E121="VAM",INDEX(C_Type_Volume!$B:$B,MATCH($D121,C_Type_Volume!$A:$A,0),1),"X")),"") -> 0 | BA121: =IFERROR(IF($E121="REC",INDEX(A_Type_Volume!$C:$C,MATCH($D121,A_Type_Volume!$A:$A,0),1),IF($E121="VAM",INDEX(C_Type_Volume!$C:$C,MATCH($D121,C_Type_Volume!$A:$A,0),1),"X")),"") -> 0 | BB121: =IFERROR(IF($E121="REC",INDEX(A_Type_Volume!$D:$D,MATCH($D121,A_Type_Volume!$A:$A,0),1),IF($E121="VAM",INDEX(C_Type_Volume!$D:$D,MATCH($D121,C_Type_Volume!$A:$A,0),1),"X")),"") -> 0 | BC121: =IFERROR(IF($E121="REC",INDEX(A_Type_Volume!$E:$E,MATCH($D121,A_Type_Volume!$A:$A,0),1),IF($E121="VAM",INDEX(C_Type_Volume!$E:$E,MATCH($D121,C_Type_Volume!$A:$A,0),1),"X")),"") -> 0 | BD121: =IFERROR(IF($E121="REC",INDEX(A_Type_Volume!$F:$F,MATCH($D121,A_Type_Volume!$A:$A,0),1),IF($E121="VAM",INDEX(C_Type_Volume!$F:$F,MATCH($D121,C_Type_Volume!$A:$A,0),1),"X")),"") -> 0 | BE121: =IFERROR(IF($E121="REC",INDEX(A_Type_Volume!$G:$G,MATCH($D121,A_Type_Volume!$A:$A,0),1),IF($E121="VAM",INDEX(C_Type_Volume!$G:$G,MATCH($D121,C_Type_Volume!$A:$A,0),1),"X")),"") -> 0 | BF121: =IFERROR(IF($E121="REC",INDEX(A_Type_Volume!$H:$H,MATCH($D121,A_Type_Volume!$A:$A,0),1),IF($E121="VAM",INDEX(C_Type_Volume!$H:$H,MATCH($D121,C_Type_Volume!$A:$A,0),1),"X")),"") -> 0 | BG121: =IFERROR(IF($E121="REC",INDEX(A_Type_Volume!$I:$I,MATCH($D121,A_Type_Volume!$A:$A,0),1),IF($E121="VAM",INDEX(C_Type_Volume!$I:$I,MATCH($D121,C_Type_Volume!$A:$A,0),1),"X")),"") -> 0 | BH121: =IFERROR(IF($E121="REC",INDEX(A_Type_Volume!$J:$J,MATCH($D121,A_Type_Volume!$A:$A,0),1),IF($E121="VAM",INDEX(C_Type_Volume!$J:$J,MATCH($D121,C_Type_Volume!$A:$A,0),1),"X")),"") -> 0 | BI121: =IFERROR(IF($E121="REC",INDEX(A_Type_Volume!$K:$K,MATCH($D121,A_Type_Volume!$A:$A,0),1),IF($E121="VAM",INDEX(C_Type_Volume!$K:$K,MATCH($D121,C_Type_Volume!$A:$A,0),1),"X")),"") -> 0 | BJ121: =IFERROR(IF($E121="REC",INDEX(A_Type_Volume!$L:$L,MATCH($D121,A_Type_Volume!$A:$A,0),1),IF($E121="VAM",INDEX(C_Type_Volume!$L:$L,MATCH($D121,C_Type_Volume!$A:$A,0),1),"X")),"") -> 0 | BK121: =IFERROR(IF($E121="REC",INDEX(A_Type_Volume!M:M,MATCH($D121,A_Type_Volume!$A:$A,0),1),IF($E121="VAM",INDEX(C_Type_Volume!M:M,MATCH($D121,C_Type_Volume!$A:$A,0),1),"X")),"") -> 0 | BL121: =SUM(Table1[[#This Row],[Jan_AVF]:[Dec_AVF]]) -> 0 | BM121: =AZ121*$O121 -> 0 | BN121: =BA121*$O121 -> 0 | BO121: =BB121*$O121 -> 0 | BP121: =BC121*$O121 -> 0 | BQ121: =BD121*$O121 -> 0 | BR121: =BE121*$O121 -> 0 | BS121: =BF121*$O121 -> 0 | BT121: =BG121*$O121 -> 0 | ... BX121: =BK121*$O121 -> 0 | BY121: =IFERROR(SUM(BM121:BO121),"") -> 0 | BZ121: =IFERROR(SUM(BP121:BR121),"") -> 0 | CA121: =IFERROR(SUM(BS121:BU121),"") -> 0 | CB121: =IFERROR(SUM(BV121:BX121),"") -> 0 | CC121: =IFERROR(Table1[[#This Row],[Labor Saving]]*Table1[[#This Row],[Annual Volume]],"") -> 0 | CD121: =IFERROR(Table1[[#This Row],[Annual Volume]]*Table1[[#This Row],[Yield Saving]],"") -> 0 | CE121: =IFERROR(Table1[[#This Row],[Annual Volume]]*Table1[[#This Row],[Material Saving]],"") -> 0 | CF121: =IFERROR(Table1[[#This Row],[OH Saving]]*Table1[[#This Row],[Annual Volume]],"") -> 0 | CG121: =SUM(Table1[[#This Row],[Labor_ASV]:[OH_ASV]]) -> 0
A122: =Table1[[#This Row],[Project Name]]&Table1[[#This Row],[Part Number]] -> Tape Dicing 5R145 | B122: =IFERROR(Table1[[#This Row],[Project Number]]&Table1[[#This Row],[Part Number]],"") -> AME25-090R145 | C122: AME25-090 | D122: R145 | E122: REC | F122: =INDEX(Proj_Reg!G:G,MATCH($C122,Proj_Reg!$B:$B,0),1) -> 46143 | G122: =INDEX(Proj_Reg!H:H,MATCH($C122,Proj_Reg!$B:$B,0),1) -> 46478 | H122: =IF(INDEX(Proj_Reg!C:C,MATCH($C122,Proj_Reg!$B:$B,0),1)=0,"",INDEX(Proj_Reg!C:C,MATCH($C122,Proj_Reg!$B:$B,0),1)) -> Wafer Saw Dicing | I122: =IF(INDEX(Proj_Reg!D:D,MATCH($C122,Proj_Reg!$B:$B,0),1)=0,"",INDEX(Proj_Reg!D:D,MATCH($C122,Proj_Reg!$B:$B,0),1)) -> XCD | J122: =INDEX(Proj_Reg!E:E,MATCH($C122,Proj_Reg!$B:$B,0),1) -> Tape Dicing 5 | K122: 0.017194976 | L122: 0 | M122: 0.02 | N122: 0 | O122: =SUM(Table1[[#This Row],[Labor Saving]:[OH Saving]]) -> 0.037194976 | Q122: =IFERROR(IF($F122=Q$1,0.3,IF(AND(Q$1>$F122,Q$1<=$G122),100%,0))*AZ122,"") -> 0 | R122: =IFERROR(IF($F122=R$1,0.3,IF(AND(R$1>$F122,R$1<=$G122),100%,0))*BA122,"") -> 0 | S122: =IFERROR(IF($F122=S$1,0.3,IF(AND(S$1>$F122,S$1<=$G122),100%,0))*BB122,"") -> 0 | T122: =IFERROR(IF($F122=T$1,0.3,IF(AND(T$1>$F122,T$1<=$G122),100%,0))*BC122,"") -> 0 | U122: =IFERROR(IF($F122=U$1,0.3,IF(AND(U$1>$F122,U$1<=$G122),100%,0))*BD122,"") -> 0 | V122: =IFERROR(IF($F122=V$1,0.3,IF(AND(V$1>$F122,V$1<=$G122),100%,0))*BE122,"") -> 0 | W122: =IFERROR(IF($F122=W$1,0.3,IF(AND(W$1>$F122,W$1<=$G122),100%,0))*BF122,"") -> 0 | X122: =IFERROR(IF($F122=X$1,0.3,IF(AND(X$1>$F122,X$1<=$G122),100%,0))*BG122,"") -> 0 | Y122: =IFERROR(IF($F122=Y$1,0.7,IF(AND(Y$1>$F122,Y$1<=$G122),100%,0))*BH122,"") -> 0 | Z122: =IFERROR(IF($F122=Z$1,0.3,IF(AND(Z$1>$F122,Z$1<=$G122),100%,0))*BI122,"") -> 0 | AA122: =IFERROR(IF($F122=AA$1,0.3,IF(AND(AA$1>$F122,AA$1<=$G122),100%,0))*BJ122,"") -> 0 | AB122: =IFERROR(IF($F122=AB$1,0.3,IF(AND(AB$1>$F122,AB$1<=$G122),100%,0))*BK122,"") -> 0 | AC122: =SUM(Table1[[#This Row],[Jan]:[Dec]]) -> 0 | AD122: =IFERROR($O122*Q122,"") -> 0 | AE122: =IFERROR($O122*R122,"") -> 0 | AF122: =IFERROR($O122*S122,"") -> 0 | AG122: =IFERROR($O122*T122,"") -> 0 | AH122: =IFERROR($O122*U122,"") -> 0 | AI122: =IFERROR($O122*V122,"") -> 0 | AJ122: =IFERROR($O122*W122,"") -> 0 | AK122: =IFERROR($O122*X122,"") -> 0 | ... AO122: =IFERROR($O122*AB122,"") -> 0 | AP122: =SUM(AD122:AF122) -> 0 | AQ122: =SUM(AG122:AI122) -> 0 | AR122: =SUM(AJ122:AL122) -> 0 | AS122: =SUM(AM122:AO122) -> 0 | AT122: =SUM(AD122:AO122)=SUM(AP122:AS122) -> TRUE | AU122: =IFERROR(K122*SUM($Q122:$AB122),"") -> 0 | AV122: =IFERROR(L122*SUM($Q122:$AB122),"") -> 0 | AW122: =IFERROR(M122*SUM($Q122:$AB122),"") -> 0 | AX122: =IFERROR(N122*SUM($Q122:$AB122),"") -> 0 | AY122: =SUM(AU122:AX122) -> 0 | AZ122: =IFERROR(IF($E122="REC",INDEX(A_Type_Volume!$B:$B,MATCH($D122,A_Type_Volume!$A:$A,0),1),IF($E122="VAM",INDEX(C_Type_Volume!$B:$B,MATCH($D122,C_Type_Volume!$A:$A,0),1),"X")),"") -> 3293 | BA122: =IFERROR(IF($E122="REC",INDEX(A_Type_Volume!$C:$C,MATCH($D122,A_Type_Volume!$A:$A,0),1),IF($E122="VAM",INDEX(C_Type_Volume!$C:$C,MATCH($D122,C_Type_Volume!$A:$A,0),1),"X")),"") -> 8814 | BB122: =IFERROR(IF($E122="REC",INDEX(A_Type_Volume!$D:$D,MATCH($D122,A_Type_Volume!$A:$A,0),1),IF($E122="VAM",INDEX(C_Type_Volume!$D:$D,MATCH($D122,C_Type_Volume!$A:$A,0),1),"X")),"") -> 1029 | BC122: =IFERROR(IF($E122="REC",INDEX(A_Type_Volume!$E:$E,MATCH($D122,A_Type_Volume!$A:$A,0),1),IF($E122="VAM",INDEX(C_Type_Volume!$E:$E,MATCH($D122,C_Type_Volume!$A:$A,0),1),"X")),"") -> 0 | BD122: =IFERROR(IF($E122="REC",INDEX(A_Type_Volume!$F:$F,MATCH($D122,A_Type_Volume!$A:$A,0),1),IF($E122="VAM",INDEX(C_Type_Volume!$F:$F,MATCH($D122,C_Type_Volume!$A:$A,0),1),"X")),"") -> 0 | BE122: =IFERROR(IF($E122="REC",INDEX(A_Type_Volume!$G:$G,MATCH($D122,A_Type_Volume!$A:$A,0),1),IF($E122="VAM",INDEX(C_Type_Volume!$G:$G,MATCH($D122,C_Type_Volume!$A:$A,0),1),"X")),"") -> 0 | BF122: =IFERROR(IF($E122="REC",INDEX(A_Type_Volume!$H:$H,MATCH($D122,A_Type_Volume!$A:$A,0),1),IF($E122="VAM",INDEX(C_Type_Volume!$H:$H,MATCH($D122,C_Type_Volume!$A:$A,0),1),"X")),"") -> 0 | BG122: =IFERROR(IF($E122="REC",INDEX(A_Type_Volume!$I:$I,MATCH($D122,A_Type_Volume!$A:$A,0),1),IF($E122="VAM",INDEX(C_Type_Volume!$I:$I,MATCH($D122,C_Type_Volume!$A:$A,0),1),"X")),"") -> 0 | BH122: =IFERROR(IF($E122="REC",INDEX(A_Type_Volume!$J:$J,MATCH($D122,A_Type_Volume!$A:$A,0),1),IF($E122="VAM",INDEX(C_Type_Volume!$J:$J,MATCH($D122,C_Type_Volume!$A:$A,0),1),"X")),"") -> 0 | BI122: =IFERROR(IF($E122="REC",INDEX(A_Type_Volume!$K:$K,MATCH($D122,A_Type_Volume!$A:$A,0),1),IF($E122="VAM",INDEX(C_Type_Volume!$K:$K,MATCH($D122,C_Type_Volume!$A:$A,0),1),"X")),"") -> 0 | BJ122: =IFERROR(IF($E122="REC",INDEX(A_Type_Volume!$L:$L,MATCH($D122,A_Type_Volume!$A:$A,0),1),IF($E122="VAM",INDEX(C_Type_Volume!$L:$L,MATCH($D122,C_Type_Volume!$A:$A,0),1),"X")),"") -> 0 | BK122: =IFERROR(IF($E122="REC",INDEX(A_Type_Volume!M:M,MATCH($D122,A_Type_Volume!$A:$A,0),1),IF($E122="VAM",INDEX(C_Type_Volume!M:M,MATCH($D122,C_Type_Volume!$A:$A,0),1),"X")),"") -> 0 | BL122: =SUM(Table1[[#This Row],[Jan_AVF]:[Dec_AVF]]) -> 13136 | BM122: =AZ122*$O122 -> 122.48305 | BN122: =BA122*$O122 -> 327.83651 | BO122: =BB122*$O122 -> 38.27363 | BP122: =BC122*$O122 -> 0 | BQ122: =BD122*$O122 -> 0 | BR122: =BE122*$O122 -> 0 | BS122: =BF122*$O122 -> 0 | BT122: =BG122*$O122 -> 0 | ... BX122: =BK122*$O122 -> 0 | BY122: =IFERROR(SUM(BM122:BO122),"") -> 488.5932 | BZ122: =IFERROR(SUM(BP122:BR122),"") -> 0 | CA122: =IFERROR(SUM(BS122:BU122),"") -> 0 | CB122: =IFERROR(SUM(BV122:BX122),"") -> 0 | CC122: =IFERROR(Table1[[#This Row],[Labor Saving]]*Table1[[#This Row],[Annual Volume]],"") -> 225.8732 | CD122: =IFERROR(Table1[[#This Row],[Annual Volume]]*Table1[[#This Row],[Yield Saving]],"") -> 0 | CE122: =IFERROR(Table1[[#This Row],[Annual Volume]]*Table1[[#This Row],[Material Saving]],"") -> 262.72 | CF122: =IFERROR(Table1[[#This Row],[OH Saving]]*Table1[[#This Row],[Annual Volume]],"") -> 0 | CG122: =SUM(Table1[[#This Row],[Labor_ASV]:[OH_ASV]]) -> 488.5932
A123: =Table1[[#This Row],[Project Name]]&Table1[[#This Row],[Part Number]] -> Tape Dicing 5R179 | B123: =IFERROR(Table1[[#This Row],[Project Number]]&Table1[[#This Row],[Part Number]],"") -> AME25-090R179 | C123: AME25-090 | D123: R179 | E123: REC | F123: =INDEX(Proj_Reg!G:G,MATCH($C123,Proj_Reg!$B:$B,0),1) -> 46143 | G123: =INDEX(Proj_Reg!H:H,MATCH($C123,Proj_Reg!$B:$B,0),1) -> 46478 | H123: =IF(INDEX(Proj_Reg!C:C,MATCH($C123,Proj_Reg!$B:$B,0),1)=0,"",INDEX(Proj_Reg!C:C,MATCH($C123,Proj_Reg!$B:$B,0),1)) -> Wafer Saw Dicing | I123: =IF(INDEX(Proj_Reg!D:D,MATCH($C123,Proj_Reg!$B:$B,0),1)=0,"",INDEX(Proj_Reg!D:D,MATCH($C123,Proj_Reg!$B:$B,0),1)) -> XCD | J123: =INDEX(Proj_Reg!E:E,MATCH($C123,Proj_Reg!$B:$B,0),1) -> Tape Dicing 5 | K123: 0.017194976 | L123: 0 | M123: 0.02 | N123: 0 | O123: =SUM(Table1[[#This Row],[Labor Saving]:[OH Saving]]) -> 0.037194976 | Q123: =IFERROR(IF($F123=Q$1,0.3,IF(AND(Q$1>$F123,Q$1<=$G123),100%,0))*AZ123,"") -> 0 | R123: =IFERROR(IF($F123=R$1,0.3,IF(AND(R$1>$F123,R$1<=$G123),100%,0))*BA123,"") -> 0 | S123: =IFERROR(IF($F123=S$1,0.3,IF(AND(S$1>$F123,S$1<=$G123),100%,0))*BB123,"") -> 0 | T123: =IFERROR(IF($F123=T$1,0.3,IF(AND(T$1>$F123,T$1<=$G123),100%,0))*BC123,"") -> 0 | U123: =IFERROR(IF($F123=U$1,0.3,IF(AND(U$1>$F123,U$1<=$G123),100%,0))*BD123,"") -> 0 | V123: =IFERROR(IF($F123=V$1,0.3,IF(AND(V$1>$F123,V$1<=$G123),100%,0))*BE123,"") -> 0 | W123: =IFERROR(IF($F123=W$1,0.3,IF(AND(W$1>$F123,W$1<=$G123),100%,0))*BF123,"") -> 0 | X123: =IFERROR(IF($F123=X$1,0.3,IF(AND(X$1>$F123,X$1<=$G123),100%,0))*BG123,"") -> 0 | Y123: =IFERROR(IF($F123=Y$1,0.7,IF(AND(Y$1>$F123,Y$1<=$G123),100%,0))*BH123,"") -> 0 | Z123: =IFERROR(IF($F123=Z$1,0.3,IF(AND(Z$1>$F123,Z$1<=$G123),100%,0))*BI123,"") -> 0 | AA123: =IFERROR(IF($F123=AA$1,0.3,IF(AND(AA$1>$F123,AA$1<=$G123),100%,0))*BJ123,"") -> 0 | AB123: =IFERROR(IF($F123=AB$1,0.3,IF(AND(AB$1>$F123,AB$1<=$G123),100%,0))*BK123,"") -> 0 | AC123: =SUM(Table1[[#This Row],[Jan]:[Dec]]) -> 0 | AD123: =IFERROR($O123*Q123,"") -> 0 | AE123: =IFERROR($O123*R123,"") -> 0 | AF123: =IFERROR($O123*S123,"") -> 0 | AG123: =IFERROR($O123*T123,"") -> 0 | AH123: =IFERROR($O123*U123,"") -> 0 | AI123: =IFERROR($O123*V123,"") -> 0 | AJ123: =IFERROR($O123*W123,"") -> 0 | AK123: =IFERROR($O123*X123,"") -> 0 | ... AO123: =IFERROR($O123*AB123,"") -> 0 | AP123: =SUM(AD123:AF123) -> 0 | AQ123: =SUM(AG123:AI123) -> 0 | AR123: =SUM(AJ123:AL123) -> 0 | AS123: =SUM(AM123:AO123) -> 0 | AT123: =SUM(AD123:AO123)=SUM(AP123:AS123) -> TRUE | AU123: =IFERROR(K123*SUM($Q123:$AB123),"") -> 0 | AV123: =IFERROR(L123*SUM($Q123:$AB123),"") -> 0 | AW123: =IFERROR(M123*SUM($Q123:$AB123),"") -> 0 | AX123: =IFERROR(N123*SUM($Q123:$AB123),"") -> 0 | AY123: =SUM(AU123:AX123) -> 0 | AZ123: =IFERROR(IF($E123="REC",INDEX(A_Type_Volume!$B:$B,MATCH($D123,A_Type_Volume!$A:$A,0),1),IF($E123="VAM",INDEX(C_Type_Volume!$B:$B,MATCH($D123,C_Type_Volume!$A:$A,0),1),"X")),"") -> 0 | BA123: =IFERROR(IF($E123="REC",INDEX(A_Type_Volume!$C:$C,MATCH($D123,A_Type_Volume!$A:$A,0),1),IF($E123="VAM",INDEX(C_Type_Volume!$C:$C,MATCH($D123,C_Type_Volume!$A:$A,0),1),"X")),"") -> 0 | BB123: =IFERROR(IF($E123="REC",INDEX(A_Type_Volume!$D:$D,MATCH($D123,A_Type_Volume!$A:$A,0),1),IF($E123="VAM",INDEX(C_Type_Volume!$D:$D,MATCH($D123,C_Type_Volume!$A:$A,0),1),"X")),"") -> 0 | BC123: =IFERROR(IF($E123="REC",INDEX(A_Type_Volume!$E:$E,MATCH($D123,A_Type_Volume!$A:$A,0),1),IF($E123="VAM",INDEX(C_Type_Volume!$E:$E,MATCH($D123,C_Type_Volume!$A:$A,0),1),"X")),"") -> 0 | BD123: =IFERROR(IF($E123="REC",INDEX(A_Type_Volume!$F:$F,MATCH($D123,A_Type_Volume!$A:$A,0),1),IF($E123="VAM",INDEX(C_Type_Volume!$F:$F,MATCH($D123,C_Type_Volume!$A:$A,0),1),"X")),"") -> 0 | BE123: =IFERROR(IF($E123="REC",INDEX(A_Type_Volume!$G:$G,MATCH($D123,A_Type_Volume!$A:$A,0),1),IF($E123="VAM",INDEX(C_Type_Volume!$G:$G,MATCH($D123,C_Type_Volume!$A:$A,0),1),"X")),"") -> 0 | BF123: =IFERROR(IF($E123="REC",INDEX(A_Type_Volume!$H:$H,MATCH($D123,A_Type_Volume!$A:$A,0),1),IF($E123="VAM",INDEX(C_Type_Volume!$H:$H,MATCH($D123,C_Type_Volume!$A:$A,0),1),"X")),"") -> 0 | BG123: =IFERROR(IF($E123="REC",INDEX(A_Type_Volume!$I:$I,MATCH($D123,A_Type_Volume!$A:$A,0),1),IF($E123="VAM",INDEX(C_Type_Volume!$I:$I,MATCH($D123,C_Type_Volume!$A:$A,0),1),"X")),"") -> 0 | BH123: =IFERROR(IF($E123="REC",INDEX(A_Type_Volume!$J:$J,MATCH($D123,A_Type_Volume!$A:$A,0),1),IF($E123="VAM",INDEX(C_Type_Volume!$J:$J,MATCH($D123,C_Type_Volume!$A:$A,0),1),"X")),"") -> 0 | BI123: =IFERROR(IF($E123="REC",INDEX(A_Type_Volume!$K:$K,MATCH($D123,A_Type_Volume!$A:$A,0),1),IF($E123="VAM",INDEX(C_Type_Volume!$K:$K,MATCH($D123,C_Type_Volume!$A:$A,0),1),"X")),"") -> 0 | BJ123: =IFERROR(IF($E123="REC",INDEX(A_Type_Volume!$L:$L,MATCH($D123,A_Type_Volume!$A:$A,0),1),IF($E123="VAM",INDEX(C_Type_Volume!$L:$L,MATCH($D123,C_Type_Volume!$A:$A,0),1),"X")),"") -> 0 | BK123: =IFERROR(IF($E123="REC",INDEX(A_Type_Volume!M:M,MATCH($D123,A_Type_Volume!$A:$A,0),1),IF($E123="VAM",INDEX(C_Type_Volume!M:M,MATCH($D123,C_Type_Volume!$A:$A,0),1),"X")),"") -> 0 | BL123: =SUM(Table1[[#This Row],[Jan_AVF]:[Dec_AVF]]) -> 0 | BM123: =AZ123*$O123 -> 0 | BN123: =BA123*$O123 -> 0 | BO123: =BB123*$O123 -> 0 | BP123: =BC123*$O123 -> 0 | BQ123: =BD123*$O123 -> 0 | BR123: =BE123*$O123 -> 0 | BS123: =BF123*$O123 -> 0 | BT123: =BG123*$O123 -> 0 | ... BX123: =BK123*$O123 -> 0 | BY123: =IFERROR(SUM(BM123:BO123),"") -> 0 | BZ123: =IFERROR(SUM(BP123:BR123),"") -> 0 | CA123: =IFERROR(SUM(BS123:BU123),"") -> 0 | CB123: =IFERROR(SUM(BV123:BX123),"") -> 0 | CC123: =IFERROR(Table1[[#This Row],[Labor Saving]]*Table1[[#This Row],[Annual Volume]],"") -> 0 | CD123: =IFERROR(Table1[[#This Row],[Annual Volume]]*Table1[[#This Row],[Yield Saving]],"") -> 0 | CE123: =IFERROR(Table1[[#This Row],[Annual Volume]]*Table1[[#This Row],[Material Saving]],"") -> 0 | CF123: =IFERROR(Table1[[#This Row],[OH Saving]]*Table1[[#This Row],[Annual Volume]],"") -> 0 | CG123: =SUM(Table1[[#This Row],[Labor_ASV]:[OH_ASV]]) -> 0
A124: =Table1[[#This Row],[Project Name]]&Table1[[#This Row],[Part Number]] -> Ti Target Supplier YR180 | B124: =IFERROR(Table1[[#This Row],[Project Number]]&Table1[[#This Row],[Part Number]],"") -> AME25-013R180 | C124: AME25-013 | D124: R180 | E124: REC | F124: =INDEX(Proj_Reg!G:G,MATCH($C124,Proj_Reg!$B:$B,0),1) -> 46174 | G124: =INDEX(Proj_Reg!H:H,MATCH($C124,Proj_Reg!$B:$B,0),1) -> 46508 | H124: =IF(INDEX(Proj_Reg!C:C,MATCH($C124,Proj_Reg!$B:$B,0),1)=0,"",INDEX(Proj_Reg!C:C,MATCH($C124,Proj_Reg!$B:$B,0),1)) -> Sputtering | I124: =IF(INDEX(Proj_Reg!D:D,MATCH($C124,Proj_Reg!$B:$B,0),1)=0,"",INDEX(Proj_Reg!D:D,MATCH($C124,Proj_Reg!$B:$B,0),1)) -> XWP | J124: =INDEX(Proj_Reg!E:E,MATCH($C124,Proj_Reg!$B:$B,0),1) -> Ti Target Supplier Y | K124: 0.017194976 | L124: 0 | M124: 0.02 | N124: 0 | O124: =SUM(Table1[[#This Row],[Labor Saving]:[OH Saving]]) -> 0.037194976 | Q124: =IFERROR(IF($F124=Q$1,0.3,IF(AND(Q$1>$F124,Q$1<=$G124),100%,0))*AZ124,"") -> 0 | R124: =IFERROR(IF($F124=R$1,0.3,IF(AND(R$1>$F124,R$1<=$G124),100%,0))*BA124,"") -> 0 | S124: =IFERROR(IF($F124=S$1,0.3,IF(AND(S$1>$F124,S$1<=$G124),100%,0))*BB124,"") -> 0 | T124: =IFERROR(IF($F124=T$1,0.3,IF(AND(T$1>$F124,T$1<=$G124),100%,0))*BC124,"") -> 0 | U124: =IFERROR(IF($F124=U$1,0.3,IF(AND(U$1>$F124,U$1<=$G124),100%,0))*BD124,"") -> 0 | V124: =IFERROR(IF($F124=V$1,0.3,IF(AND(V$1>$F124,V$1<=$G124),100%,0))*BE124,"") -> 0 | W124: =IFERROR(IF($F124=W$1,0.3,IF(AND(W$1>$F124,W$1<=$G124),100%,0))*BF124,"") -> 0 | X124: =IFERROR(IF($F124=X$1,0.3,IF(AND(X$1>$F124,X$1<=$G124),100%,0))*BG124,"") -> 0 | Y124: =IFERROR(IF($F124=Y$1,0.7,IF(AND(Y$1>$F124,Y$1<=$G124),100%,0))*BH124,"") -> 0 | Z124: =IFERROR(IF($F124=Z$1,0.3,IF(AND(Z$1>$F124,Z$1<=$G124),100%,0))*BI124,"") -> 0 | AA124: =IFERROR(IF($F124=AA$1,0.3,IF(AND(AA$1>$F124,AA$1<=$G124),100%,0))*BJ124,"") -> 0 | AB124: =IFERROR(IF($F124=AB$1,0.3,IF(AND(AB$1>$F124,AB$1<=$G124),100%,0))*BK124,"") -> 0 | AC124: =SUM(Table1[[#This Row],[Jan]:[Dec]]) -> 0 | AD124: =IFERROR($O124*Q124,"") -> 0 | AE124: =IFERROR($O124*R124,"") -> 0 | AF124: =IFERROR($O124*S124,"") -> 0 | AG124: =IFERROR($O124*T124,"") -> 0 | AH124: =IFERROR($O124*U124,"") -> 0 | AI124: =IFERROR($O124*V124,"") -> 0 | AJ124: =IFERROR($O124*W124,"") -> 0 | AK124: =IFERROR($O124*X124,"") -> 0 | ... AO124: =IFERROR($O124*AB124,"") -> 0 | AP124: =SUM(AD124:AF124) -> 0 | AQ124: =SUM(AG124:AI124) -> 0 | AR124: =SUM(AJ124:AL124) -> 0 | AS124: =SUM(AM124:AO124) -> 0 | AT124: =SUM(AD124:AO124)=SUM(AP124:AS124) -> TRUE | AU124: =IFERROR(K124*SUM($Q124:$AB124),"") -> 0 | AV124: =IFERROR(L124*SUM($Q124:$AB124),"") -> 0 | AW124: =IFERROR(M124*SUM($Q124:$AB124),"") -> 0 | AX124: =IFERROR(N124*SUM($Q124:$AB124),"") -> 0 | AY124: =SUM(AU124:AX124) -> 0 | AZ124: =IFERROR(IF($E124="REC",INDEX(A_Type_Volume!$B:$B,MATCH($D124,A_Type_Volume!$A:$A,0),1),IF($E124="VAM",INDEX(C_Type_Volume!$B:$B,MATCH($D124,C_Type_Volume!$A:$A,0),1),"X")),"") -> 0 | BA124: =IFERROR(IF($E124="REC",INDEX(A_Type_Volume!$C:$C,MATCH($D124,A_Type_Volume!$A:$A,0),1),IF($E124="VAM",INDEX(C_Type_Volume!$C:$C,MATCH($D124,C_Type_Volume!$A:$A,0),1),"X")),"") -> 0 | BB124: =IFERROR(IF($E124="REC",INDEX(A_Type_Volume!$D:$D,MATCH($D124,A_Type_Volume!$A:$A,0),1),IF($E124="VAM",INDEX(C_Type_Volume!$D:$D,MATCH($D124,C_Type_Volume!$A:$A,0),1),"X")),"") -> 0 | BC124: =IFERROR(IF($E124="REC",INDEX(A_Type_Volume!$E:$E,MATCH($D124,A_Type_Volume!$A:$A,0),1),IF($E124="VAM",INDEX(C_Type_Volume!$E:$E,MATCH($D124,C_Type_Volume!$A:$A,0),1),"X")),"") -> 0 | BD124: =IFERROR(IF($E124="REC",INDEX(A_Type_Volume!$F:$F,MATCH($D124,A_Type_Volume!$A:$A,0),1),IF($E124="VAM",INDEX(C_Type_Volume!$F:$F,MATCH($D124,C_Type_Volume!$A:$A,0),1),"X")),"") -> 0 | BE124: =IFERROR(IF($E124="REC",INDEX(A_Type_Volume!$G:$G,MATCH($D124,A_Type_Volume!$A:$A,0),1),IF($E124="VAM",INDEX(C_Type_Volume!$G:$G,MATCH($D124,C_Type_Volume!$A:$A,0),1),"X")),"") -> 0 | BF124: =IFERROR(IF($E124="REC",INDEX(A_Type_Volume!$H:$H,MATCH($D124,A_Type_Volume!$A:$A,0),1),IF($E124="VAM",INDEX(C_Type_Volume!$H:$H,MATCH($D124,C_Type_Volume!$A:$A,0),1),"X")),"") -> 0 | BG124: =IFERROR(IF($E124="REC",INDEX(A_Type_Volume!$I:$I,MATCH($D124,A_Type_Volume!$A:$A,0),1),IF($E124="VAM",INDEX(C_Type_Volume!$I:$I,MATCH($D124,C_Type_Volume!$A:$A,0),1),"X")),"") -> 0 | BH124: =IFERROR(IF($E124="REC",INDEX(A_Type_Volume!$J:$J,MATCH($D124,A_Type_Volume!$A:$A,0),1),IF($E124="VAM",INDEX(C_Type_Volume!$J:$J,MATCH($D124,C_Type_Volume!$A:$A,0),1),"X")),"") -> 0 | BI124: =IFERROR(IF($E124="REC",INDEX(A_Type_Volume!$K:$K,MATCH($D124,A_Type_Volume!$A:$A,0),1),IF($E124="VAM",INDEX(C_Type_Volume!$K:$K,MATCH($D124,C_Type_Volume!$A:$A,0),1),"X")),"") -> 0 | BJ124: =IFERROR(IF($E124="REC",INDEX(A_Type_Volume!$L:$L,MATCH($D124,A_Type_Volume!$A:$A,0),1),IF($E124="VAM",INDEX(C_Type_Volume!$L:$L,MATCH($D124,C_Type_Volume!$A:$A,0),1),"X")),"") -> 0 | BK124: =IFERROR(IF($E124="REC",INDEX(A_Type_Volume!M:M,MATCH($D124,A_Type_Volume!$A:$A,0),1),IF($E124="VAM",INDEX(C_Type_Volume!M:M,MATCH($D124,C_Type_Volume!$A:$A,0),1),"X")),"") -> 0 | BL124: =SUM(Table1[[#This Row],[Jan_AVF]:[Dec_AVF]]) -> 0 | BM124: =AZ124*$O124 -> 0 | BN124: =BA124*$O124 -> 0 | BO124: =BB124*$O124 -> 0 | BP124: =BC124*$O124 -> 0 | BQ124: =BD124*$O124 -> 0 | BR124: =BE124*$O124 -> 0 | BS124: =BF124*$O124 -> 0 | BT124: =BG124*$O124 -> 0 | ... BX124: =BK124*$O124 -> 0 | BY124: =IFERROR(SUM(BM124:BO124),"") -> 0 | BZ124: =IFERROR(SUM(BP124:BR124),"") -> 0 | CA124: =IFERROR(SUM(BS124:BU124),"") -> 0 | CB124: =IFERROR(SUM(BV124:BX124),"") -> 0 | CC124: =IFERROR(Table1[[#This Row],[Labor Saving]]*Table1[[#This Row],[Annual Volume]],"") -> 0 | CD124: =IFERROR(Table1[[#This Row],[Annual Volume]]*Table1[[#This Row],[Yield Saving]],"") -> 0 | CE124: =IFERROR(Table1[[#This Row],[Annual Volume]]*Table1[[#This Row],[Material Saving]],"") -> 0 | CF124: =IFERROR(Table1[[#This Row],[OH Saving]]*Table1[[#This Row],[Annual Volume]],"") -> 0 | CG124: =SUM(Table1[[#This Row],[Labor_ASV]:[OH_ASV]]) -> 0
A125: =Table1[[#This Row],[Project Name]]&Table1[[#This Row],[Part Number]] -> Ti Target Supplier YR181 | B125: =IFERROR(Table1[[#This Row],[Project Number]]&Table1[[#This Row],[Part Number]],"") -> AME25-013R181 | C125: AME25-013 | D125: R181 | E125: REC | F125: =INDEX(Proj_Reg!G:G,MATCH($C125,Proj_Reg!$B:$B,0),1) -> 46174 | G125: =INDEX(Proj_Reg!H:H,MATCH($C125,Proj_Reg!$B:$B,0),1) -> 46508 | H125: =IF(INDEX(Proj_Reg!C:C,MATCH($C125,Proj_Reg!$B:$B,0),1)=0,"",INDEX(Proj_Reg!C:C,MATCH($C125,Proj_Reg!$B:$B,0),1)) -> Sputtering | I125: =IF(INDEX(Proj_Reg!D:D,MATCH($C125,Proj_Reg!$B:$B,0),1)=0,"",INDEX(Proj_Reg!D:D,MATCH($C125,Proj_Reg!$B:$B,0),1)) -> XWP | J125: =INDEX(Proj_Reg!E:E,MATCH($C125,Proj_Reg!$B:$B,0),1) -> Ti Target Supplier Y | K125: 0.038074818 | L125: 0 | M125: -0.0010478671 | N125: 0 | O125: =SUM(Table1[[#This Row],[Labor Saving]:[OH Saving]]) -> 0.037026951 | Q125: =IFERROR(IF($F125=Q$1,0.3,IF(AND(Q$1>$F125,Q$1<=$G125),100%,0))*AZ125,"") -> 0 | R125: =IFERROR(IF($F125=R$1,0.3,IF(AND(R$1>$F125,R$1<=$G125),100%,0))*BA125,"") -> 0 | S125: =IFERROR(IF($F125=S$1,0.3,IF(AND(S$1>$F125,S$1<=$G125),100%,0))*BB125,"") -> 0 | T125: =IFERROR(IF($F125=T$1,0.3,IF(AND(T$1>$F125,T$1<=$G125),100%,0))*BC125,"") -> 0 | U125: =IFERROR(IF($F125=U$1,0.3,IF(AND(U$1>$F125,U$1<=$G125),100%,0))*BD125,"") -> 0 | V125: =IFERROR(IF($F125=V$1,0.3,IF(AND(V$1>$F125,V$1<=$G125),100%,0))*BE125,"") -> 0 | W125: =IFERROR(IF($F125=W$1,0.3,IF(AND(W$1>$F125,W$1<=$G125),100%,0))*BF125,"") -> 0 | X125: =IFERROR(IF($F125=X$1,0.3,IF(AND(X$1>$F125,X$1<=$G125),100%,0))*BG125,"") -> 0 | Y125: =IFERROR(IF($F125=Y$1,0.7,IF(AND(Y$1>$F125,Y$1<=$G125),100%,0))*BH125,"") -> 0 | Z125: =IFERROR(IF($F125=Z$1,0.3,IF(AND(Z$1>$F125,Z$1<=$G125),100%,0))*BI125,"") -> 0 | AA125: =IFERROR(IF($F125=AA$1,0.3,IF(AND(AA$1>$F125,AA$1<=$G125),100%,0))*BJ125,"") -> 0 | AB125: =IFERROR(IF($F125=AB$1,0.3,IF(AND(AB$1>$F125,AB$1<=$G125),100%,0))*BK125,"") -> 0 | AC125: =SUM(Table1[[#This Row],[Jan]:[Dec]]) -> 0 | AD125: =IFERROR($O125*Q125,"") -> 0 | AE125: =IFERROR($O125*R125,"") -> 0 | AF125: =IFERROR($O125*S125,"") -> 0 | AG125: =IFERROR($O125*T125,"") -> 0 | AH125: =IFERROR($O125*U125,"") -> 0 | AI125: =IFERROR($O125*V125,"") -> 0 | AJ125: =IFERROR($O125*W125,"") -> 0 | AK125: =IFERROR($O125*X125,"") -> 0 | ... AO125: =IFERROR($O125*AB125,"") -> 0 | AP125: =SUM(AD125:AF125) -> 0 | AQ125: =SUM(AG125:AI125) -> 0 | AR125: =SUM(AJ125:AL125) -> 0 | AS125: =SUM(AM125:AO125) -> 0 | AT125: =SUM(AD125:AO125)=SUM(AP125:AS125) -> TRUE | AU125: =IFERROR(K125*SUM($Q125:$AB125),"") -> 0 | AV125: =IFERROR(L125*SUM($Q125:$AB125),"") -> 0 | AW125: =IFERROR(M125*SUM($Q125:$AB125),"") -> 0 | AX125: =IFERROR(N125*SUM($Q125:$AB125),"") -> 0 | AY125: =SUM(AU125:AX125) -> 0 | AZ125: =IFERROR(IF($E125="REC",INDEX(A_Type_Volume!$B:$B,MATCH($D125,A_Type_Volume!$A:$A,0),1),IF($E125="VAM",INDEX(C_Type_Volume!$B:$B,MATCH($D125,C_Type_Volume!$A:$A,0),1),"X")),"") -> 0 | BA125: =IFERROR(IF($E125="REC",INDEX(A_Type_Volume!$C:$C,MATCH($D125,A_Type_Volume!$A:$A,0),1),IF($E125="VAM",INDEX(C_Type_Volume!$C:$C,MATCH($D125,C_Type_Volume!$A:$A,0),1),"X")),"") -> 0 | BB125: =IFERROR(IF($E125="REC",INDEX(A_Type_Volume!$D:$D,MATCH($D125,A_Type_Volume!$A:$A,0),1),IF($E125="VAM",INDEX(C_Type_Volume!$D:$D,MATCH($D125,C_Type_Volume!$A:$A,0),1),"X")),"") -> 0 | BC125: =IFERROR(IF($E125="REC",INDEX(A_Type_Volume!$E:$E,MATCH($D125,A_Type_Volume!$A:$A,0),1),IF($E125="VAM",INDEX(C_Type_Volume!$E:$E,MATCH($D125,C_Type_Volume!$A:$A,0),1),"X")),"") -> 0 | BD125: =IFERROR(IF($E125="REC",INDEX(A_Type_Volume!$F:$F,MATCH($D125,A_Type_Volume!$A:$A,0),1),IF($E125="VAM",INDEX(C_Type_Volume!$F:$F,MATCH($D125,C_Type_Volume!$A:$A,0),1),"X")),"") -> 0 | BE125: =IFERROR(IF($E125="REC",INDEX(A_Type_Volume!$G:$G,MATCH($D125,A_Type_Volume!$A:$A,0),1),IF($E125="VAM",INDEX(C_Type_Volume!$G:$G,MATCH($D125,C_Type_Volume!$A:$A,0),1),"X")),"") -> 0 | BF125: =IFERROR(IF($E125="REC",INDEX(A_Type_Volume!$H:$H,MATCH($D125,A_Type_Volume!$A:$A,0),1),IF($E125="VAM",INDEX(C_Type_Volume!$H:$H,MATCH($D125,C_Type_Volume!$A:$A,0),1),"X")),"") -> 0 | BG125: =IFERROR(IF($E125="REC",INDEX(A_Type_Volume!$I:$I,MATCH($D125,A_Type_Volume!$A:$A,0),1),IF($E125="VAM",INDEX(C_Type_Volume!$I:$I,MATCH($D125,C_Type_Volume!$A:$A,0),1),"X")),"") -> 0 | BH125: =IFERROR(IF($E125="REC",INDEX(A_Type_Volume!$J:$J,MATCH($D125,A_Type_Volume!$A:$A,0),1),IF($E125="VAM",INDEX(C_Type_Volume!$J:$J,MATCH($D125,C_Type_Volume!$A:$A,0),1),"X")),"") -> 0 | BI125: =IFERROR(IF($E125="REC",INDEX(A_Type_Volume!$K:$K,MATCH($D125,A_Type_Volume!$A:$A,0),1),IF($E125="VAM",INDEX(C_Type_Volume!$K:$K,MATCH($D125,C_Type_Volume!$A:$A,0),1),"X")),"") -> 0 | BJ125: =IFERROR(IF($E125="REC",INDEX(A_Type_Volume!$L:$L,MATCH($D125,A_Type_Volume!$A:$A,0),1),IF($E125="VAM",INDEX(C_Type_Volume!$L:$L,MATCH($D125,C_Type_Volume!$A:$A,0),1),"X")),"") -> 0 | BK125: =IFERROR(IF($E125="REC",INDEX(A_Type_Volume!M:M,MATCH($D125,A_Type_Volume!$A:$A,0),1),IF($E125="VAM",INDEX(C_Type_Volume!M:M,MATCH($D125,C_Type_Volume!$A:$A,0),1),"X")),"") -> 0 | BL125: =SUM(Table1[[#This Row],[Jan_AVF]:[Dec_AVF]]) -> 0 | BM125: =AZ125*$O125 -> 0 | BN125: =BA125*$O125 -> 0 | BO125: =BB125*$O125 -> 0 | BP125: =BC125*$O125 -> 0 | BQ125: =BD125*$O125 -> 0 | BR125: =BE125*$O125 -> 0 | BS125: =BF125*$O125 -> 0 | BT125: =BG125*$O125 -> 0 | ... BX125: =BK125*$O125 -> 0 | BY125: =IFERROR(SUM(BM125:BO125),"") -> 0 | BZ125: =IFERROR(SUM(BP125:BR125),"") -> 0 | CA125: =IFERROR(SUM(BS125:BU125),"") -> 0 | CB125: =IFERROR(SUM(BV125:BX125),"") -> 0 | CC125: =IFERROR(Table1[[#This Row],[Labor Saving]]*Table1[[#This Row],[Annual Volume]],"") -> 0 | CD125: =IFERROR(Table1[[#This Row],[Annual Volume]]*Table1[[#This Row],[Yield Saving]],"") -> 0 | CE125: =IFERROR(Table1[[#This Row],[Annual Volume]]*Table1[[#This Row],[Material Saving]],"") -> 0 | CF125: =IFERROR(Table1[[#This Row],[OH Saving]]*Table1[[#This Row],[Annual Volume]],"") -> 0 | CG125: =SUM(Table1[[#This Row],[Labor_ASV]:[OH_ASV]]) -> 0
A126: =Table1[[#This Row],[Project Name]]&Table1[[#This Row],[Part Number]] -> Diamond blade Supplier ER157 | B126: =IFERROR(Table1[[#This Row],[Project Number]]&Table1[[#This Row],[Part Number]],"") -> AME25-034R157 | C126: AME25-034 | D126: R157 | E126: REC | F126: =INDEX(Proj_Reg!G:G,MATCH($C126,Proj_Reg!$B:$B,0),1) -> 46113 | G126: =INDEX(Proj_Reg!H:H,MATCH($C126,Proj_Reg!$B:$B,0),1) -> 46447 | H126: =IF(INDEX(Proj_Reg!C:C,MATCH($C126,Proj_Reg!$B:$B,0),1)=0,"",INDEX(Proj_Reg!C:C,MATCH($C126,Proj_Reg!$B:$B,0),1)) -> Wafer Saw Dicing | I126: =IF(INDEX(Proj_Reg!D:D,MATCH($C126,Proj_Reg!$B:$B,0),1)=0,"",INDEX(Proj_Reg!D:D,MATCH($C126,Proj_Reg!$B:$B,0),1)) -> XCD | J126: =INDEX(Proj_Reg!E:E,MATCH($C126,Proj_Reg!$B:$B,0),1) -> Diamond blade Supplier E | K126: 0.037749822 | L126: 0 | M126: -0.0010478671 | N126: 0 | O126: =SUM(Table1[[#This Row],[Labor Saving]:[OH Saving]]) -> 0.036701955 | Q126: =IFERROR(IF($F126=Q$1,0.3,IF(AND(Q$1>$F126,Q$1<=$G126),100%,0))*AZ126,"") -> 0 | R126: =IFERROR(IF($F126=R$1,0.3,IF(AND(R$1>$F126,R$1<=$G126),100%,0))*BA126,"") -> 0 | S126: =IFERROR(IF($F126=S$1,0.3,IF(AND(S$1>$F126,S$1<=$G126),100%,0))*BB126,"") -> 0 | T126: =IFERROR(IF($F126=T$1,0.3,IF(AND(T$1>$F126,T$1<=$G126),100%,0))*BC126,"") -> 8906.4 | U126: =IFERROR(IF($F126=U$1,0.3,IF(AND(U$1>$F126,U$1<=$G126),100%,0))*BD126,"") -> 34679 | V126: =IFERROR(IF($F126=V$1,0.3,IF(AND(V$1>$F126,V$1<=$G126),100%,0))*BE126,"") -> 34861 | W126: =IFERROR(IF($F126=W$1,0.3,IF(AND(W$1>$F126,W$1<=$G126),100%,0))*BF126,"") -> 36051 | X126: =IFERROR(IF($F126=X$1,0.3,IF(AND(X$1>$F126,X$1<=$G126),100%,0))*BG126,"") -> 13213 | Y126: =IFERROR(IF($F126=Y$1,0.7,IF(AND(Y$1>$F126,Y$1<=$G126),100%,0))*BH126,"") -> 15416 | Z126: =IFERROR(IF($F126=Z$1,0.3,IF(AND(Z$1>$F126,Z$1<=$G126),100%,0))*BI126,"") -> 4379 | AA126: =IFERROR(IF($F126=AA$1,0.3,IF(AND(AA$1>$F126,AA$1<=$G126),100%,0))*BJ126,"") -> 2986 | AB126: =IFERROR(IF($F126=AB$1,0.3,IF(AND(AB$1>$F126,AB$1<=$G126),100%,0))*BK126,"") -> 2613 | AC126: =SUM(Table1[[#This Row],[Jan]:[Dec]]) -> 153104.4 | AD126: =IFERROR($O126*Q126,"") -> 0 | AE126: =IFERROR($O126*R126,"") -> 0 | AF126: =IFERROR($O126*S126,"") -> 0 | AG126: =IFERROR($O126*T126,"") -> 326.88229 | AH126: =IFERROR($O126*U126,"") -> 1272.7871 | AI126: =IFERROR($O126*V126,"") -> 1279.4669 | AJ126: =IFERROR($O126*W126,"") -> 1323.1422 | AK126: =IFERROR($O126*X126,"") -> 484.94294 | ... AO126: =IFERROR($O126*AB126,"") -> 95.902209 | AP126: =SUM(AD126:AF126) -> 0 | AQ126: =SUM(AG126:AI126) -> 2879.1363 | AR126: =SUM(AJ126:AL126) -> 2373.8825 | AS126: =SUM(AM126:AO126) -> 366.21211 | AT126: =SUM(AD126:AO126)=SUM(AP126:AS126) -> FALSE | AU126: =IFERROR(K126*SUM($Q126:$AB126),"") -> 5779.6639 | AV126: =IFERROR(L126*SUM($Q126:$AB126),"") -> 0 | AW126: =IFERROR(M126*SUM($Q126:$AB126),"") -> -160.43307 | AX126: =IFERROR(N126*SUM($Q126:$AB126),"") -> 0 | AY126: =SUM(AU126:AX126) -> 5619.2308 | AZ126: =IFERROR(IF($E126="REC",INDEX(A_Type_Volume!$B:$B,MATCH($D126,A_Type_Volume!$A:$A,0),1),IF($E126="VAM",INDEX(C_Type_Volume!$B:$B,MATCH($D126,C_Type_Volume!$A:$A,0),1),"X")),"") -> 11332 | BA126: =IFERROR(IF($E126="REC",INDEX(A_Type_Volume!$C:$C,MATCH($D126,A_Type_Volume!$A:$A,0),1),IF($E126="VAM",INDEX(C_Type_Volume!$C:$C,MATCH($D126,C_Type_Volume!$A:$A,0),1),"X")),"") -> 28163 | BB126: =IFERROR(IF($E126="REC",INDEX(A_Type_Volume!$D:$D,MATCH($D126,A_Type_Volume!$A:$A,0),1),IF($E126="VAM",INDEX(C_Type_Volume!$D:$D,MATCH($D126,C_Type_Volume!$A:$A,0),1),"X")),"") -> 33166 | BC126: =IFERROR(IF($E126="REC",INDEX(A_Type_Volume!$E:$E,MATCH($D126,A_Type_Volume!$A:$A,0),1),IF($E126="VAM",INDEX(C_Type_Volume!$E:$E,MATCH($D126,C_Type_Volume!$A:$A,0),1),"X")),"") -> 29688 | BD126: =IFERROR(IF($E126="REC",INDEX(A_Type_Volume!$F:$F,MATCH($D126,A_Type_Volume!$A:$A,0),1),IF($E126="VAM",INDEX(C_Type_Volume!$F:$F,MATCH($D126,C_Type_Volume!$A:$A,0),1),"X")),"") -> 34679 | BE126: =IFERROR(IF($E126="REC",INDEX(A_Type_Volume!$G:$G,MATCH($D126,A_Type_Volume!$A:$A,0),1),IF($E126="VAM",INDEX(C_Type_Volume!$G:$G,MATCH($D126,C_Type_Volume!$A:$A,0),1),"X")),"") -> 34861 | BF126: =IFERROR(IF($E126="REC",INDEX(A_Type_Volume!$H:$H,MATCH($D126,A_Type_Volume!$A:$A,0),1),IF($E126="VAM",INDEX(C_Type_Volume!$H:$H,MATCH($D126,C_Type_Volume!$A:$A,0),1),"X")),"") -> 36051 | BG126: =IFERROR(IF($E126="REC",INDEX(A_Type_Volume!$I:$I,MATCH($D126,A_Type_Volume!$A:$A,0),1),IF($E126="VAM",INDEX(C_Type_Volume!$I:$I,MATCH($D126,C_Type_Volume!$A:$A,0),1),"X")),"") -> 13213 | BH126: =IFERROR(IF($E126="REC",INDEX(A_Type_Volume!$J:$J,MATCH($D126,A_Type_Volume!$A:$A,0),1),IF($E126="VAM",INDEX(C_Type_Volume!$J:$J,MATCH($D126,C_Type_Volume!$A:$A,0),1),"X")),"") -> 15416 | BI126: =IFERROR(IF($E126="REC",INDEX(A_Type_Volume!$K:$K,MATCH($D126,A_Type_Volume!$A:$A,0),1),IF($E126="VAM",INDEX(C_Type_Volume!$K:$K,MATCH($D126,C_Type_Volume!$A:$A,0),1),"X")),"") -> 4379 | BJ126: =IFERROR(IF($E126="REC",INDEX(A_Type_Volume!$L:$L,MATCH($D126,A_Type_Volume!$A:$A,0),1),IF($E126="VAM",INDEX(C_Type_Volume!$L:$L,MATCH($D126,C_Type_Volume!$A:$A,0),1),"X")),"") -> 2986 | BK126: =IFERROR(IF($E126="REC",INDEX(A_Type_Volume!M:M,MATCH($D126,A_Type_Volume!$A:$A,0),1),IF($E126="VAM",INDEX(C_Type_Volume!M:M,MATCH($D126,C_Type_Volume!$A:$A,0),1),"X")),"") -> 2613 | BL126: =SUM(Table1[[#This Row],[Jan_AVF]:[Dec_AVF]]) -> 246547 | BM126: =AZ126*$O126 -> 415.90656 | BN126: =BA126*$O126 -> 1033.6372 | BO126: =BB126*$O126 -> 1217.257 | BP126: =BC126*$O126 -> 1089.6076 | BQ126: =BD126*$O126 -> 1272.7871 | BR126: =BE126*$O126 -> 1279.4669 | BS126: =BF126*$O126 -> 1323.1422 | BT126: =BG126*$O126 -> 484.94294 | ... BX126: =BK126*$O126 -> 95.902209 | BY126: =IFERROR(SUM(BM126:BO126),"") -> 2666.8008 | BZ126: =IFERROR(SUM(BP126:BR126),"") -> 3641.8616 | CA126: =IFERROR(SUM(BS126:BU126),"") -> 2373.8825 | CB126: =IFERROR(SUM(BV126:BX126),"") -> 366.21211 | CC126: =IFERROR(Table1[[#This Row],[Labor Saving]]*Table1[[#This Row],[Annual Volume]],"") -> 9307.1055 | CD126: =IFERROR(Table1[[#This Row],[Annual Volume]]*Table1[[#This Row],[Yield Saving]],"") -> 0 | CE126: =IFERROR(Table1[[#This Row],[Annual Volume]]*Table1[[#This Row],[Material Saving]],"") -> -258.34849 | CF126: =IFERROR(Table1[[#This Row],[OH Saving]]*Table1[[#This Row],[Annual Volume]],"") -> 0 | CG126: =SUM(Table1[[#This Row],[Labor_ASV]:[OH_ASV]]) -> 9048.757
A127: =Table1[[#This Row],[Project Name]]&Table1[[#This Row],[Part Number]] -> Diamond blade Supplier ER158 | B127: =IFERROR(Table1[[#This Row],[Project Number]]&Table1[[#This Row],[Part Number]],"") -> AME25-034R158 | C127: AME25-034 | D127: R158 | E127: REC | F127: =INDEX(Proj_Reg!G:G,MATCH($C127,Proj_Reg!$B:$B,0),1) -> 46113 | G127: =INDEX(Proj_Reg!H:H,MATCH($C127,Proj_Reg!$B:$B,0),1) -> 46447 | H127: =IF(INDEX(Proj_Reg!C:C,MATCH($C127,Proj_Reg!$B:$B,0),1)=0,"",INDEX(Proj_Reg!C:C,MATCH($C127,Proj_Reg!$B:$B,0),1)) -> Wafer Saw Dicing | I127: =IF(INDEX(Proj_Reg!D:D,MATCH($C127,Proj_Reg!$B:$B,0),1)=0,"",INDEX(Proj_Reg!D:D,MATCH($C127,Proj_Reg!$B:$B,0),1)) -> XCD | J127: =INDEX(Proj_Reg!E:E,MATCH($C127,Proj_Reg!$B:$B,0),1) -> Diamond blade Supplier E | K127: 0.013110928 | L127: 0 | M127: 0.02 | N127: 0 | O127: =SUM(Table1[[#This Row],[Labor Saving]:[OH Saving]]) -> 0.033110928 | Q127: =IFERROR(IF($F127=Q$1,0.3,IF(AND(Q$1>$F127,Q$1<=$G127),100%,0))*AZ127,"") -> 0 | R127: =IFERROR(IF($F127=R$1,0.3,IF(AND(R$1>$F127,R$1<=$G127),100%,0))*BA127,"") -> 0 | S127: =IFERROR(IF($F127=S$1,0.3,IF(AND(S$1>$F127,S$1<=$G127),100%,0))*BB127,"") -> 0 | T127: =IFERROR(IF($F127=T$1,0.3,IF(AND(T$1>$F127,T$1<=$G127),100%,0))*BC127,"") -> 50475.3 | U127: =IFERROR(IF($F127=U$1,0.3,IF(AND(U$1>$F127,U$1<=$G127),100%,0))*BD127,"") -> 196749 | V127: =IFERROR(IF($F127=V$1,0.3,IF(AND(V$1>$F127,V$1<=$G127),100%,0))*BE127,"") -> 197439 | W127: =IFERROR(IF($F127=W$1,0.3,IF(AND(W$1>$F127,W$1<=$G127),100%,0))*BF127,"") -> 213929 | X127: =IFERROR(IF($F127=X$1,0.3,IF(AND(X$1>$F127,X$1<=$G127),100%,0))*BG127,"") -> 78409 | Y127: =IFERROR(IF($F127=Y$1,0.7,IF(AND(Y$1>$F127,Y$1<=$G127),100%,0))*BH127,"") -> 91478 | Z127: =IFERROR(IF($F127=Z$1,0.3,IF(AND(Z$1>$F127,Z$1<=$G127),100%,0))*BI127,"") -> 12509 | AA127: =IFERROR(IF($F127=AA$1,0.3,IF(AND(AA$1>$F127,AA$1<=$G127),100%,0))*BJ127,"") -> 8529 | AB127: =IFERROR(IF($F127=AB$1,0.3,IF(AND(AB$1>$F127,AB$1<=$G127),100%,0))*BK127,"") -> 7463 | AC127: =SUM(Table1[[#This Row],[Jan]:[Dec]]) -> 856980.3 | AD127: =IFERROR($O127*Q127,"") -> 0 | AE127: =IFERROR($O127*R127,"") -> 0 | AF127: =IFERROR($O127*S127,"") -> 0 | AG127: =IFERROR($O127*T127,"") -> 1671.284 | AH127: =IFERROR($O127*U127,"") -> 6514.542 | AI127: =IFERROR($O127*V127,"") -> 6537.3885 | AJ127: =IFERROR($O127*W127,"") -> 7083.3877 | AK127: =IFERROR($O127*X127,"") -> 2596.1948 | ... AO127: =IFERROR($O127*AB127,"") -> 247.10686 | AP127: =SUM(AD127:AF127) -> 0 | AQ127: =SUM(AG127:AI127) -> 14723.215 | AR127: =SUM(AJ127:AL127) -> 12708.504 | AS127: =SUM(AM127:AO127) -> 943.69456 | AT127: =SUM(AD127:AO127)=SUM(AP127:AS127) -> TRUE | AU127: =IFERROR(K127*SUM($Q127:$AB127),"") -> 11235.807 | AV127: =IFERROR(L127*SUM($Q127:$AB127),"") -> 0 | AW127: =IFERROR(M127*SUM($Q127:$AB127),"") -> 17139.606 | AX127: =IFERROR(N127*SUM($Q127:$AB127),"") -> 0 | AY127: =SUM(AU127:AX127) -> 28375.413 | AZ127: =IFERROR(IF($E127="REC",INDEX(A_Type_Volume!$B:$B,MATCH($D127,A_Type_Volume!$A:$A,0),1),IF($E127="VAM",INDEX(C_Type_Volume!$B:$B,MATCH($D127,C_Type_Volume!$A:$A,0),1),"X")),"") -> 151426 | BA127: =IFERROR(IF($E127="REC",INDEX(A_Type_Volume!$C:$C,MATCH($D127,A_Type_Volume!$A:$A,0),1),IF($E127="VAM",INDEX(C_Type_Volume!$C:$C,MATCH($D127,C_Type_Volume!$A:$A,0),1),"X")),"") -> 154079 | BB127: =IFERROR(IF($E127="REC",INDEX(A_Type_Volume!$D:$D,MATCH($D127,A_Type_Volume!$A:$A,0),1),IF($E127="VAM",INDEX(C_Type_Volume!$D:$D,MATCH($D127,C_Type_Volume!$A:$A,0),1),"X")),"") -> 187967 | BC127: =IFERROR(IF($E127="REC",INDEX(A_Type_Volume!$E:$E,MATCH($D127,A_Type_Volume!$A:$A,0),1),IF($E127="VAM",INDEX(C_Type_Volume!$E:$E,MATCH($D127,C_Type_Volume!$A:$A,0),1),"X")),"") -> 168251 | BD127: =IFERROR(IF($E127="REC",INDEX(A_Type_Volume!$F:$F,MATCH($D127,A_Type_Volume!$A:$A,0),1),IF($E127="VAM",INDEX(C_Type_Volume!$F:$F,MATCH($D127,C_Type_Volume!$A:$A,0),1),"X")),"") -> 196749 | BE127: =IFERROR(IF($E127="REC",INDEX(A_Type_Volume!$G:$G,MATCH($D127,A_Type_Volume!$A:$A,0),1),IF($E127="VAM",INDEX(C_Type_Volume!$G:$G,MATCH($D127,C_Type_Volume!$A:$A,0),1),"X")),"") -> 197439 | BF127: =IFERROR(IF($E127="REC",INDEX(A_Type_Volume!$H:$H,MATCH($D127,A_Type_Volume!$A:$A,0),1),IF($E127="VAM",INDEX(C_Type_Volume!$H:$H,MATCH($D127,C_Type_Volume!$A:$A,0),1),"X")),"") -> 213929 | BG127: =IFERROR(IF($E127="REC",INDEX(A_Type_Volume!$I:$I,MATCH($D127,A_Type_Volume!$A:$A,0),1),IF($E127="VAM",INDEX(C_Type_Volume!$I:$I,MATCH($D127,C_Type_Volume!$A:$A,0),1),"X")),"") -> 78409 | BH127: =IFERROR(IF($E127="REC",INDEX(A_Type_Volume!$J:$J,MATCH($D127,A_Type_Volume!$A:$A,0),1),IF($E127="VAM",INDEX(C_Type_Volume!$J:$J,MATCH($D127,C_Type_Volume!$A:$A,0),1),"X")),"") -> 91478 | BI127: =IFERROR(IF($E127="REC",INDEX(A_Type_Volume!$K:$K,MATCH($D127,A_Type_Volume!$A:$A,0),1),IF($E127="VAM",INDEX(C_Type_Volume!$K:$K,MATCH($D127,C_Type_Volume!$A:$A,0),1),"X")),"") -> 12509 | BJ127: =IFERROR(IF($E127="REC",INDEX(A_Type_Volume!$L:$L,MATCH($D127,A_Type_Volume!$A:$A,0),1),IF($E127="VAM",INDEX(C_Type_Volume!$L:$L,MATCH($D127,C_Type_Volume!$A:$A,0),1),"X")),"") -> 8529 | BK127: =IFERROR(IF($E127="REC",INDEX(A_Type_Volume!M:M,MATCH($D127,A_Type_Volume!$A:$A,0),1),IF($E127="VAM",INDEX(C_Type_Volume!M:M,MATCH($D127,C_Type_Volume!$A:$A,0),1),"X")),"") -> 7463 | BL127: =SUM(Table1[[#This Row],[Jan_AVF]:[Dec_AVF]]) -> 1468228 | BM127: =AZ127*$O127 -> 5013.8554 | BN127: =BA127*$O127 -> 5101.6987 | BO127: =BB127*$O127 -> 6223.7618 | BP127: =BC127*$O127 -> 5570.9467 | BQ127: =BD127*$O127 -> 6514.542 | BR127: =BE127*$O127 -> 6537.3885 | BS127: =BF127*$O127 -> 7083.3877 | BT127: =BG127*$O127 -> 2596.1948 | ... BX127: =BK127*$O127 -> 247.10686 | BY127: =IFERROR(SUM(BM127:BO127),"") -> 16339.316 | BZ127: =IFERROR(SUM(BP127:BR127),"") -> 18622.877 | CA127: =IFERROR(SUM(BS127:BU127),"") -> 12708.504 | CB127: =IFERROR(SUM(BV127:BX127),"") -> 943.69456 | CC127: =IFERROR(Table1[[#This Row],[Labor Saving]]*Table1[[#This Row],[Annual Volume]],"") -> 19249.832 | CD127: =IFERROR(Table1[[#This Row],[Annual Volume]]*Table1[[#This Row],[Yield Saving]],"") -> 0 | CE127: =IFERROR(Table1[[#This Row],[Annual Volume]]*Table1[[#This Row],[Material Saving]],"") -> 29364.56 | CF127: =IFERROR(Table1[[#This Row],[OH Saving]]*Table1[[#This Row],[Annual Volume]],"") -> 0 | CG127: =SUM(Table1[[#This Row],[Labor_ASV]:[OH_ASV]]) -> 48614.392
A128: =Table1[[#This Row],[Project Name]]&Table1[[#This Row],[Part Number]] -> Diamond blade Supplier ER160 | B128: =IFERROR(Table1[[#This Row],[Project Number]]&Table1[[#This Row],[Part Number]],"") -> AME25-034R160 | C128: AME25-034 | D128: R160 | E128: REC | F128: =INDEX(Proj_Reg!G:G,MATCH($C128,Proj_Reg!$B:$B,0),1) -> 46113 | G128: =INDEX(Proj_Reg!H:H,MATCH($C128,Proj_Reg!$B:$B,0),1) -> 46447 | H128: =IF(INDEX(Proj_Reg!C:C,MATCH($C128,Proj_Reg!$B:$B,0),1)=0,"",INDEX(Proj_Reg!C:C,MATCH($C128,Proj_Reg!$B:$B,0),1)) -> Wafer Saw Dicing | I128: =IF(INDEX(Proj_Reg!D:D,MATCH($C128,Proj_Reg!$B:$B,0),1)=0,"",INDEX(Proj_Reg!D:D,MATCH($C128,Proj_Reg!$B:$B,0),1)) -> XCD | J128: =INDEX(Proj_Reg!E:E,MATCH($C128,Proj_Reg!$B:$B,0),1) -> Diamond blade Supplier E | K128: 0.013110928 | L128: 0 | M128: 0.02 | N128: 0 | O128: =SUM(Table1[[#This Row],[Labor Saving]:[OH Saving]]) -> 0.033110928 | Q128: =IFERROR(IF($F128=Q$1,0.3,IF(AND(Q$1>$F128,Q$1<=$G128),100%,0))*AZ128,"") -> 0 | R128: =IFERROR(IF($F128=R$1,0.3,IF(AND(R$1>$F128,R$1<=$G128),100%,0))*BA128,"") -> 0 | S128: =IFERROR(IF($F128=S$1,0.3,IF(AND(S$1>$F128,S$1<=$G128),100%,0))*BB128,"") -> 0 | T128: =IFERROR(IF($F128=T$1,0.3,IF(AND(T$1>$F128,T$1<=$G128),100%,0))*BC128,"") -> 0 | U128: =IFERROR(IF($F128=U$1,0.3,IF(AND(U$1>$F128,U$1<=$G128),100%,0))*BD128,"") -> 0 | V128: =IFERROR(IF($F128=V$1,0.3,IF(AND(V$1>$F128,V$1<=$G128),100%,0))*BE128,"") -> 0 | W128: =IFERROR(IF($F128=W$1,0.3,IF(AND(W$1>$F128,W$1<=$G128),100%,0))*BF128,"") -> 0 | X128: =IFERROR(IF($F128=X$1,0.3,IF(AND(X$1>$F128,X$1<=$G128),100%,0))*BG128,"") -> 0 | Y128: =IFERROR(IF($F128=Y$1,0.7,IF(AND(Y$1>$F128,Y$1<=$G128),100%,0))*BH128,"") -> 0 | Z128: =IFERROR(IF($F128=Z$1,0.3,IF(AND(Z$1>$F128,Z$1<=$G128),100%,0))*BI128,"") -> 0 | AA128: =IFERROR(IF($F128=AA$1,0.3,IF(AND(AA$1>$F128,AA$1<=$G128),100%,0))*BJ128,"") -> 0 | AB128: =IFERROR(IF($F128=AB$1,0.3,IF(AND(AB$1>$F128,AB$1<=$G128),100%,0))*BK128,"") -> 0 | AC128: =SUM(Table1[[#This Row],[Jan]:[Dec]]) -> 0 | AD128: =IFERROR($O128*Q128,"") -> 0 | AE128: =IFERROR($O128*R128,"") -> 0 | AF128: =IFERROR($O128*S128,"") -> 0 | AG128: =IFERROR($O128*T128,"") -> 0 | AH128: =IFERROR($O128*U128,"") -> 0 | AI128: =IFERROR($O128*V128,"") -> 0 | AJ128: =IFERROR($O128*W128,"") -> 0 | AK128: =IFERROR($O128*X128,"") -> 0 | ... AO128: =IFERROR($O128*AB128,"") -> 0 | AP128: =SUM(AD128:AF128) -> 0 | AQ128: =SUM(AG128:AI128) -> 0 | AR128: =SUM(AJ128:AL128) -> 0 | AS128: =SUM(AM128:AO128) -> 0 | AT128: =SUM(AD128:AO128)=SUM(AP128:AS128) -> TRUE | AU128: =IFERROR(K128*SUM($Q128:$AB128),"") -> 0 | AV128: =IFERROR(L128*SUM($Q128:$AB128),"") -> 0 | AW128: =IFERROR(M128*SUM($Q128:$AB128),"") -> 0 | AX128: =IFERROR(N128*SUM($Q128:$AB128),"") -> 0 | AY128: =SUM(AU128:AX128) -> 0 | AZ128: =IFERROR(IF($E128="REC",INDEX(A_Type_Volume!$B:$B,MATCH($D128,A_Type_Volume!$A:$A,0),1),IF($E128="VAM",INDEX(C_Type_Volume!$B:$B,MATCH($D128,C_Type_Volume!$A:$A,0),1),"X")),"") -> 0 | BA128: =IFERROR(IF($E128="REC",INDEX(A_Type_Volume!$C:$C,MATCH($D128,A_Type_Volume!$A:$A,0),1),IF($E128="VAM",INDEX(C_Type_Volume!$C:$C,MATCH($D128,C_Type_Volume!$A:$A,0),1),"X")),"") -> 0 | BB128: =IFERROR(IF($E128="REC",INDEX(A_Type_Volume!$D:$D,MATCH($D128,A_Type_Volume!$A:$A,0),1),IF($E128="VAM",INDEX(C_Type_Volume!$D:$D,MATCH($D128,C_Type_Volume!$A:$A,0),1),"X")),"") -> 0 | BC128: =IFERROR(IF($E128="REC",INDEX(A_Type_Volume!$E:$E,MATCH($D128,A_Type_Volume!$A:$A,0),1),IF($E128="VAM",INDEX(C_Type_Volume!$E:$E,MATCH($D128,C_Type_Volume!$A:$A,0),1),"X")),"") -> 0 | BD128: =IFERROR(IF($E128="REC",INDEX(A_Type_Volume!$F:$F,MATCH($D128,A_Type_Volume!$A:$A,0),1),IF($E128="VAM",INDEX(C_Type_Volume!$F:$F,MATCH($D128,C_Type_Volume!$A:$A,0),1),"X")),"") -> 0 | BE128: =IFERROR(IF($E128="REC",INDEX(A_Type_Volume!$G:$G,MATCH($D128,A_Type_Volume!$A:$A,0),1),IF($E128="VAM",INDEX(C_Type_Volume!$G:$G,MATCH($D128,C_Type_Volume!$A:$A,0),1),"X")),"") -> 0 | BF128: =IFERROR(IF($E128="REC",INDEX(A_Type_Volume!$H:$H,MATCH($D128,A_Type_Volume!$A:$A,0),1),IF($E128="VAM",INDEX(C_Type_Volume!$H:$H,MATCH($D128,C_Type_Volume!$A:$A,0),1),"X")),"") -> 0 | BG128: =IFERROR(IF($E128="REC",INDEX(A_Type_Volume!$I:$I,MATCH($D128,A_Type_Volume!$A:$A,0),1),IF($E128="VAM",INDEX(C_Type_Volume!$I:$I,MATCH($D128,C_Type_Volume!$A:$A,0),1),"X")),"") -> 0 | BH128: =IFERROR(IF($E128="REC",INDEX(A_Type_Volume!$J:$J,MATCH($D128,A_Type_Volume!$A:$A,0),1),IF($E128="VAM",INDEX(C_Type_Volume!$J:$J,MATCH($D128,C_Type_Volume!$A:$A,0),1),"X")),"") -> 0 | BI128: =IFERROR(IF($E128="REC",INDEX(A_Type_Volume!$K:$K,MATCH($D128,A_Type_Volume!$A:$A,0),1),IF($E128="VAM",INDEX(C_Type_Volume!$K:$K,MATCH($D128,C_Type_Volume!$A:$A,0),1),"X")),"") -> 0 | BJ128: =IFERROR(IF($E128="REC",INDEX(A_Type_Volume!$L:$L,MATCH($D128,A_Type_Volume!$A:$A,0),1),IF($E128="VAM",INDEX(C_Type_Volume!$L:$L,MATCH($D128,C_Type_Volume!$A:$A,0),1),"X")),"") -> 0 | BK128: =IFERROR(IF($E128="REC",INDEX(A_Type_Volume!M:M,MATCH($D128,A_Type_Volume!$A:$A,0),1),IF($E128="VAM",INDEX(C_Type_Volume!M:M,MATCH($D128,C_Type_Volume!$A:$A,0),1),"X")),"") -> 0 | BL128: =SUM(Table1[[#This Row],[Jan_AVF]:[Dec_AVF]]) -> 0 | BM128: =AZ128*$O128 -> 0 | BN128: =BA128*$O128 -> 0 | BO128: =BB128*$O128 -> 0 | BP128: =BC128*$O128 -> 0 | BQ128: =BD128*$O128 -> 0 | BR128: =BE128*$O128 -> 0 | BS128: =BF128*$O128 -> 0 | BT128: =BG128*$O128 -> 0 | ... BX128: =BK128*$O128 -> 0 | BY128: =IFERROR(SUM(BM128:BO128),"") -> 0 | BZ128: =IFERROR(SUM(BP128:BR128),"") -> 0 | CA128: =IFERROR(SUM(BS128:BU128),"") -> 0 | CB128: =IFERROR(SUM(BV128:BX128),"") -> 0 | CC128: =IFERROR(Table1[[#This Row],[Labor Saving]]*Table1[[#This Row],[Annual Volume]],"") -> 0 | CD128: =IFERROR(Table1[[#This Row],[Annual Volume]]*Table1[[#This Row],[Yield Saving]],"") -> 0 | CE128: =IFERROR(Table1[[#This Row],[Annual Volume]]*Table1[[#This Row],[Material Saving]],"") -> 0 | CF128: =IFERROR(Table1[[#This Row],[OH Saving]]*Table1[[#This Row],[Annual Volume]],"") -> 0 | CG128: =SUM(Table1[[#This Row],[Labor_ASV]:[OH_ASV]]) -> 0
A129: =Table1[[#This Row],[Project Name]]&Table1[[#This Row],[Part Number]] -> Diamond blade Supplier ER162 | B129: =IFERROR(Table1[[#This Row],[Project Number]]&Table1[[#This Row],[Part Number]],"") -> AME25-034R162 | C129: AME25-034 | D129: R162 | E129: REC | F129: =INDEX(Proj_Reg!G:G,MATCH($C129,Proj_Reg!$B:$B,0),1) -> 46113 | G129: =INDEX(Proj_Reg!H:H,MATCH($C129,Proj_Reg!$B:$B,0),1) -> 46447 | H129: =IF(INDEX(Proj_Reg!C:C,MATCH($C129,Proj_Reg!$B:$B,0),1)=0,"",INDEX(Proj_Reg!C:C,MATCH($C129,Proj_Reg!$B:$B,0),1)) -> Wafer Saw Dicing | I129: =IF(INDEX(Proj_Reg!D:D,MATCH($C129,Proj_Reg!$B:$B,0),1)=0,"",INDEX(Proj_Reg!D:D,MATCH($C129,Proj_Reg!$B:$B,0),1)) -> XCD | J129: =INDEX(Proj_Reg!E:E,MATCH($C129,Proj_Reg!$B:$B,0),1) -> Diamond blade Supplier E | K129: 0.013110928 | L129: 0 | M129: 0.02 | N129: 0 | O129: =SUM(Table1[[#This Row],[Labor Saving]:[OH Saving]]) -> 0.033110928 | Q129: =IFERROR(IF($F129=Q$1,0.3,IF(AND(Q$1>$F129,Q$1<=$G129),100%,0))*AZ129,"") -> 0 | R129: =IFERROR(IF($F129=R$1,0.3,IF(AND(R$1>$F129,R$1<=$G129),100%,0))*BA129,"") -> 0 | S129: =IFERROR(IF($F129=S$1,0.3,IF(AND(S$1>$F129,S$1<=$G129),100%,0))*BB129,"") -> 0 | T129: =IFERROR(IF($F129=T$1,0.3,IF(AND(T$1>$F129,T$1<=$G129),100%,0))*BC129,"") -> 0 | U129: =IFERROR(IF($F129=U$1,0.3,IF(AND(U$1>$F129,U$1<=$G129),100%,0))*BD129,"") -> 0 | V129: =IFERROR(IF($F129=V$1,0.3,IF(AND(V$1>$F129,V$1<=$G129),100%,0))*BE129,"") -> 0 | W129: =IFERROR(IF($F129=W$1,0.3,IF(AND(W$1>$F129,W$1<=$G129),100%,0))*BF129,"") -> 0 | X129: =IFERROR(IF($F129=X$1,0.3,IF(AND(X$1>$F129,X$1<=$G129),100%,0))*BG129,"") -> 0 | Y129: =IFERROR(IF($F129=Y$1,0.7,IF(AND(Y$1>$F129,Y$1<=$G129),100%,0))*BH129,"") -> 0 | Z129: =IFERROR(IF($F129=Z$1,0.3,IF(AND(Z$1>$F129,Z$1<=$G129),100%,0))*BI129,"") -> 0 | AA129: =IFERROR(IF($F129=AA$1,0.3,IF(AND(AA$1>$F129,AA$1<=$G129),100%,0))*BJ129,"") -> 0 | AB129: =IFERROR(IF($F129=AB$1,0.3,IF(AND(AB$1>$F129,AB$1<=$G129),100%,0))*BK129,"") -> 0 | AC129: =SUM(Table1[[#This Row],[Jan]:[Dec]]) -> 0 | AD129: =IFERROR($O129*Q129,"") -> 0 | AE129: =IFERROR($O129*R129,"") -> 0 | AF129: =IFERROR($O129*S129,"") -> 0 | AG129: =IFERROR($O129*T129,"") -> 0 | AH129: =IFERROR($O129*U129,"") -> 0 | AI129: =IFERROR($O129*V129,"") -> 0 | AJ129: =IFERROR($O129*W129,"") -> 0 | AK129: =IFERROR($O129*X129,"") -> 0 | ... AO129: =IFERROR($O129*AB129,"") -> 0 | AP129: =SUM(AD129:AF129) -> 0 | AQ129: =SUM(AG129:AI129) -> 0 | AR129: =SUM(AJ129:AL129) -> 0 | AS129: =SUM(AM129:AO129) -> 0 | AT129: =SUM(AD129:AO129)=SUM(AP129:AS129) -> TRUE | AU129: =IFERROR(K129*SUM($Q129:$AB129),"") -> 0 | AV129: =IFERROR(L129*SUM($Q129:$AB129),"") -> 0 | AW129: =IFERROR(M129*SUM($Q129:$AB129),"") -> 0 | AX129: =IFERROR(N129*SUM($Q129:$AB129),"") -> 0 | AY129: =SUM(AU129:AX129) -> 0 | AZ129: =IFERROR(IF($E129="REC",INDEX(A_Type_Volume!$B:$B,MATCH($D129,A_Type_Volume!$A:$A,0),1),IF($E129="VAM",INDEX(C_Type_Volume!$B:$B,MATCH($D129,C_Type_Volume!$A:$A,0),1),"X")),"") -> 0 | BA129: =IFERROR(IF($E129="REC",INDEX(A_Type_Volume!$C:$C,MATCH($D129,A_Type_Volume!$A:$A,0),1),IF($E129="VAM",INDEX(C_Type_Volume!$C:$C,MATCH($D129,C_Type_Volume!$A:$A,0),1),"X")),"") -> 0 | BB129: =IFERROR(IF($E129="REC",INDEX(A_Type_Volume!$D:$D,MATCH($D129,A_Type_Volume!$A:$A,0),1),IF($E129="VAM",INDEX(C_Type_Volume!$D:$D,MATCH($D129,C_Type_Volume!$A:$A,0),1),"X")),"") -> 0 | BC129: =IFERROR(IF($E129="REC",INDEX(A_Type_Volume!$E:$E,MATCH($D129,A_Type_Volume!$A:$A,0),1),IF($E129="VAM",INDEX(C_Type_Volume!$E:$E,MATCH($D129,C_Type_Volume!$A:$A,0),1),"X")),"") -> 0 | BD129: =IFERROR(IF($E129="REC",INDEX(A_Type_Volume!$F:$F,MATCH($D129,A_Type_Volume!$A:$A,0),1),IF($E129="VAM",INDEX(C_Type_Volume!$F:$F,MATCH($D129,C_Type_Volume!$A:$A,0),1),"X")),"") -> 0 | BE129: =IFERROR(IF($E129="REC",INDEX(A_Type_Volume!$G:$G,MATCH($D129,A_Type_Volume!$A:$A,0),1),IF($E129="VAM",INDEX(C_Type_Volume!$G:$G,MATCH($D129,C_Type_Volume!$A:$A,0),1),"X")),"") -> 0 | BF129: =IFERROR(IF($E129="REC",INDEX(A_Type_Volume!$H:$H,MATCH($D129,A_Type_Volume!$A:$A,0),1),IF($E129="VAM",INDEX(C_Type_Volume!$H:$H,MATCH($D129,C_Type_Volume!$A:$A,0),1),"X")),"") -> 0 | BG129: =IFERROR(IF($E129="REC",INDEX(A_Type_Volume!$I:$I,MATCH($D129,A_Type_Volume!$A:$A,0),1),IF($E129="VAM",INDEX(C_Type_Volume!$I:$I,MATCH($D129,C_Type_Volume!$A:$A,0),1),"X")),"") -> 0 | BH129: =IFERROR(IF($E129="REC",INDEX(A_Type_Volume!$J:$J,MATCH($D129,A_Type_Volume!$A:$A,0),1),IF($E129="VAM",INDEX(C_Type_Volume!$J:$J,MATCH($D129,C_Type_Volume!$A:$A,0),1),"X")),"") -> 0 | BI129: =IFERROR(IF($E129="REC",INDEX(A_Type_Volume!$K:$K,MATCH($D129,A_Type_Volume!$A:$A,0),1),IF($E129="VAM",INDEX(C_Type_Volume!$K:$K,MATCH($D129,C_Type_Volume!$A:$A,0),1),"X")),"") -> 0 | BJ129: =IFERROR(IF($E129="REC",INDEX(A_Type_Volume!$L:$L,MATCH($D129,A_Type_Volume!$A:$A,0),1),IF($E129="VAM",INDEX(C_Type_Volume!$L:$L,MATCH($D129,C_Type_Volume!$A:$A,0),1),"X")),"") -> 0 | BK129: =IFERROR(IF($E129="REC",INDEX(A_Type_Volume!M:M,MATCH($D129,A_Type_Volume!$A:$A,0),1),IF($E129="VAM",INDEX(C_Type_Volume!M:M,MATCH($D129,C_Type_Volume!$A:$A,0),1),"X")),"") -> 0 | BL129: =SUM(Table1[[#This Row],[Jan_AVF]:[Dec_AVF]]) -> 0 | BM129: =AZ129*$O129 -> 0 | BN129: =BA129*$O129 -> 0 | BO129: =BB129*$O129 -> 0 | BP129: =BC129*$O129 -> 0 | BQ129: =BD129*$O129 -> 0 | BR129: =BE129*$O129 -> 0 | BS129: =BF129*$O129 -> 0 | BT129: =BG129*$O129 -> 0 | ... BX129: =BK129*$O129 -> 0 | BY129: =IFERROR(SUM(BM129:BO129),"") -> 0 | BZ129: =IFERROR(SUM(BP129:BR129),"") -> 0 | CA129: =IFERROR(SUM(BS129:BU129),"") -> 0 | CB129: =IFERROR(SUM(BV129:BX129),"") -> 0 | CC129: =IFERROR(Table1[[#This Row],[Labor Saving]]*Table1[[#This Row],[Annual Volume]],"") -> 0 | CD129: =IFERROR(Table1[[#This Row],[Annual Volume]]*Table1[[#This Row],[Yield Saving]],"") -> 0 | CE129: =IFERROR(Table1[[#This Row],[Annual Volume]]*Table1[[#This Row],[Material Saving]],"") -> 0 | CF129: =IFERROR(Table1[[#This Row],[OH Saving]]*Table1[[#This Row],[Annual Volume]],"") -> 0 | CG129: =SUM(Table1[[#This Row],[Labor_ASV]:[OH_ASV]]) -> 0
... A188: =Table1[[#This Row],[Project Name]]&Table1[[#This Row],[Part Number]] -> New Etching Chemical Diammonium CeriumR71 | B188: =IFERROR(Table1[[#This Row],[Project Number]]&Table1[[#This Row],[Part Number]],"") -> AME25-072R71 | C188: AME25-072 | D188: R71 | E188: REC | F188: =INDEX(Proj_Reg!G:G,MATCH($C188,Proj_Reg!$B:$B,0),1) -> 46266 | G188: =INDEX(Proj_Reg!H:H,MATCH($C188,Proj_Reg!$B:$B,0),1) -> 46600 | H188: =IF(INDEX(Proj_Reg!C:C,MATCH($C188,Proj_Reg!$B:$B,0),1)=0,"",INDEX(Proj_Reg!C:C,MATCH($C188,Proj_Reg!$B:$B,0),1)) -> Wet Etching | I188: =IF(INDEX(Proj_Reg!D:D,MATCH($C188,Proj_Reg!$B:$B,0),1)=0,"",INDEX(Proj_Reg!D:D,MATCH($C188,Proj_Reg!$B:$B,0),1)) -> XWP | J188: =INDEX(Proj_Reg!E:E,MATCH($C188,Proj_Reg!$B:$B,0),1) -> New Etching Chemical Diammonium Cerium | K188: 0.0020068344 | L188: 0 | M188: 0.012575124 | N188: 0 | O188: =SUM(Table1[[#This Row],[Labor Saving]:[OH Saving]]) -> 0.014581958 | Q188: =IFERROR(IF($F188=Q$1,0.3,IF(AND(Q$1>$F188,Q$1<=$G188),100%,0))*AZ188,"") -> 0 | R188: =IFERROR(IF($F188=R$1,0.3,IF(AND(R$1>$F188,R$1<=$G188),100%,0))*BA188,"") -> 0 | S188: =IFERROR(IF($F188=S$1,0.3,IF(AND(S$1>$F188,S$1<=$G188),100%,0))*BB188,"") -> 0 | T188: =IFERROR(IF($F188=T$1,0.3,IF(AND(T$1>$F188,T$1<=$G188),100%,0))*BC188,"") -> 0 | U188: =IFERROR(IF($F188=U$1,0.3,IF(AND(U$1>$F188,U$1<=$G188),100%,0))*BD188,"") -> 0 | V188: =IFERROR(IF($F188=V$1,0.3,IF(AND(V$1>$F188,V$1<=$G188),100%,0))*BE188,"") -> 0 | W188: =IFERROR(IF($F188=W$1,0.3,IF(AND(W$1>$F188,W$1<=$G188),100%,0))*BF188,"") -> 0 | X188: =IFERROR(IF($F188=X$1,0.3,IF(AND(X$1>$F188,X$1<=$G188),100%,0))*BG188,"") -> 0 | Y188: =IFERROR(IF($F188=Y$1,0.7,IF(AND(Y$1>$F188,Y$1<=$G188),100%,0))*BH188,"") -> 394640.4 | Z188: =IFERROR(IF($F188=Z$1,0.3,IF(AND(Z$1>$F188,Z$1<=$G188),100%,0))*BI188,"") -> 430915 | AA188: =IFERROR(IF($F188=AA$1,0.3,IF(AND(AA$1>$F188,AA$1<=$G188),100%,0))*BJ188,"") -> 412407 | AB188: =IFERROR(IF($F188=AB$1,0.3,IF(AND(AB$1>$F188,AB$1<=$G188),100%,0))*BK188,"") -> 333152 | AC188: =SUM(Table1[[#This Row],[Jan]:[Dec]]) -> 1571114.4 | AD188: =IFERROR($O188*Q188,"") -> 0 | AE188: =IFERROR($O188*R188,"") -> 0 | AF188: =IFERROR($O188*S188,"") -> 0 | AG188: =IFERROR($O188*T188,"") -> 0 | AH188: =IFERROR($O188*U188,"") -> 0 | AI188: =IFERROR($O188*V188,"") -> 0 | AJ188: =IFERROR($O188*W188,"") -> 0 | AK188: =IFERROR($O188*X188,"") -> 0 | ... AO188: =IFERROR($O188*AB188,"") -> 4858.0084 | AP188: =SUM(AD188:AF188) -> 0 | AQ188: =SUM(AG188:AI188) -> 0 | AR188: =SUM(AJ188:AL188) -> 5754.6297 | AS188: =SUM(AM188:AO188) -> 17155.294 | AT188: =SUM(AD188:AO188)=SUM(AP188:AS188) -> TRUE | AU188: =IFERROR(K188*SUM($Q188:$AB188),"") -> 3152.9664 | AV188: =IFERROR(L188*SUM($Q188:$AB188),"") -> 0 | AW188: =IFERROR(M188*SUM($Q188:$AB188),"") -> 19756.958 | AX188: =IFERROR(N188*SUM($Q188:$AB188),"") -> 0 | AY188: =SUM(AU188:AX188) -> 22909.924 | AZ188: =IFERROR(IF($E188="REC",INDEX(A_Type_Volume!$B:$B,MATCH($D188,A_Type_Volume!$A:$A,0),1),IF($E188="VAM",INDEX(C_Type_Volume!$B:$B,MATCH($D188,C_Type_Volume!$A:$A,0),1),"X")),"") -> 426689 | BA188: =IFERROR(IF($E188="REC",INDEX(A_Type_Volume!$C:$C,MATCH($D188,A_Type_Volume!$A:$A,0),1),IF($E188="VAM",INDEX(C_Type_Volume!$C:$C,MATCH($D188,C_Type_Volume!$A:$A,0),1),"X")),"") -> 595954 | BB188: =IFERROR(IF($E188="REC",INDEX(A_Type_Volume!$D:$D,MATCH($D188,A_Type_Volume!$A:$A,0),1),IF($E188="VAM",INDEX(C_Type_Volume!$D:$D,MATCH($D188,C_Type_Volume!$A:$A,0),1),"X")),"") -> 602169 | BC188: =IFERROR(IF($E188="REC",INDEX(A_Type_Volume!$E:$E,MATCH($D188,A_Type_Volume!$A:$A,0),1),IF($E188="VAM",INDEX(C_Type_Volume!$E:$E,MATCH($D188,C_Type_Volume!$A:$A,0),1),"X")),"") -> 448478 | BD188: =IFERROR(IF($E188="REC",INDEX(A_Type_Volume!$F:$F,MATCH($D188,A_Type_Volume!$A:$A,0),1),IF($E188="VAM",INDEX(C_Type_Volume!$F:$F,MATCH($D188,C_Type_Volume!$A:$A,0),1),"X")),"") -> 524517 | BE188: =IFERROR(IF($E188="REC",INDEX(A_Type_Volume!$G:$G,MATCH($D188,A_Type_Volume!$A:$A,0),1),IF($E188="VAM",INDEX(C_Type_Volume!$G:$G,MATCH($D188,C_Type_Volume!$A:$A,0),1),"X")),"") -> 551468 | BF188: =IFERROR(IF($E188="REC",INDEX(A_Type_Volume!$H:$H,MATCH($D188,A_Type_Volume!$A:$A,0),1),IF($E188="VAM",INDEX(C_Type_Volume!$H:$H,MATCH($D188,C_Type_Volume!$A:$A,0),1),"X")),"") -> 524552 | BG188: =IFERROR(IF($E188="REC",INDEX(A_Type_Volume!$I:$I,MATCH($D188,A_Type_Volume!$A:$A,0),1),IF($E188="VAM",INDEX(C_Type_Volume!$I:$I,MATCH($D188,C_Type_Volume!$A:$A,0),1),"X")),"") -> 433669 | BH188: =IFERROR(IF($E188="REC",INDEX(A_Type_Volume!$J:$J,MATCH($D188,A_Type_Volume!$A:$A,0),1),IF($E188="VAM",INDEX(C_Type_Volume!$J:$J,MATCH($D188,C_Type_Volume!$A:$A,0),1),"X")),"") -> 563772 | BI188: =IFERROR(IF($E188="REC",INDEX(A_Type_Volume!$K:$K,MATCH($D188,A_Type_Volume!$A:$A,0),1),IF($E188="VAM",INDEX(C_Type_Volume!$K:$K,MATCH($D188,C_Type_Volume!$A:$A,0),1),"X")),"") -> 430915 | BJ188: =IFERROR(IF($E188="REC",INDEX(A_Type_Volume!$L:$L,MATCH($D188,A_Type_Volume!$A:$A,0),1),IF($E188="VAM",INDEX(C_Type_Volume!$L:$L,MATCH($D188,C_Type_Volume!$A:$A,0),1),"X")),"") -> 412407 | BK188: =IFERROR(IF($E188="REC",INDEX(A_Type_Volume!M:M,MATCH($D188,A_Type_Volume!$A:$A,0),1),IF($E188="VAM",INDEX(C_Type_Volume!M:M,MATCH($D188,C_Type_Volume!$A:$A,0),1),"X")),"") -> 333152 | BL188: =SUM(Table1[[#This Row],[Jan_AVF]:[Dec_AVF]]) -> 5847742 | BM188: =AZ188*$O188 -> 6221.961 | BN188: =BA188*$O188 -> 8690.1761 | BO188: =BB188*$O188 -> 8780.803 | BP188: =BC188*$O188 -> 6539.6873 | BQ188: =BD188*$O188 -> 7648.4848 | BR188: =BE188*$O188 -> 8041.4832 | BS188: =BF188*$O188 -> 7648.9952 | BT188: =BG188*$O188 -> 6323.7431 | ... BX188: =BK188*$O188 -> 4858.0084 | BY188: =IFERROR(SUM(BM188:BO188),"") -> 23692.94 | BZ188: =IFERROR(SUM(BP188:BR188),"") -> 22229.655 | CA188: =IFERROR(SUM(BS188:BU188),"") -> 22193.638 | CB188: =IFERROR(SUM(BV188:BX188),"") -> 17155.294 | CC188: =IFERROR(Table1[[#This Row],[Labor Saving]]*Table1[[#This Row],[Annual Volume]],"") -> 11735.45 | CD188: =IFERROR(Table1[[#This Row],[Annual Volume]]*Table1[[#This Row],[Yield Saving]],"") -> 0 | CE188: =IFERROR(Table1[[#This Row],[Annual Volume]]*Table1[[#This Row],[Material Saving]],"") -> 73536.078 | CF188: =IFERROR(Table1[[#This Row],[OH Saving]]*Table1[[#This Row],[Annual Volume]],"") -> 0 | CG188: =SUM(Table1[[#This Row],[Labor_ASV]:[OH_ASV]]) -> 85271.528
A189: =Table1[[#This Row],[Project Name]]&Table1[[#This Row],[Part Number]] -> #N/A | B189: =IFERROR(Table1[[#This Row],[Project Number]]&Table1[[#This Row],[Part Number]],"") | C189: AME25-073 | D189: #N/A | E189: REC | F189: =INDEX(Proj_Reg!G:G,MATCH($C189,Proj_Reg!$B:$B,0),1) -> 46204 | G189: =INDEX(Proj_Reg!H:H,MATCH($C189,Proj_Reg!$B:$B,0),1) -> 46539 | H189: =IF(INDEX(Proj_Reg!C:C,MATCH($C189,Proj_Reg!$B:$B,0),1)=0,"",INDEX(Proj_Reg!C:C,MATCH($C189,Proj_Reg!$B:$B,0),1)) -> Wet Etching | I189: =IF(INDEX(Proj_Reg!D:D,MATCH($C189,Proj_Reg!$B:$B,0),1)=0,"",INDEX(Proj_Reg!D:D,MATCH($C189,Proj_Reg!$B:$B,0),1)) -> XWP | J189: =INDEX(Proj_Reg!E:E,MATCH($C189,Proj_Reg!$B:$B,0),1) -> New Etching Chemical Agua Regia | K189: 0.0038464837 | L189: 0.014564074 | M189: 0 | N189: 0 | O189: =SUM(Table1[[#This Row],[Labor Saving]:[OH Saving]]) -> 0.018410558 | Q189: =IFERROR(IF($F189=Q$1,0.3,IF(AND(Q$1>$F189,Q$1<=$G189),100%,0))*AZ189,"") | R189: =IFERROR(IF($F189=R$1,0.3,IF(AND(R$1>$F189,R$1<=$G189),100%,0))*BA189,"") | S189: =IFERROR(IF($F189=S$1,0.3,IF(AND(S$1>$F189,S$1<=$G189),100%,0))*BB189,"") | T189: =IFERROR(IF($F189=T$1,0.3,IF(AND(T$1>$F189,T$1<=$G189),100%,0))*BC189,"") | U189: =IFERROR(IF($F189=U$1,0.3,IF(AND(U$1>$F189,U$1<=$G189),100%,0))*BD189,"") | V189: =IFERROR(IF($F189=V$1,0.3,IF(AND(V$1>$F189,V$1<=$G189),100%,0))*BE189,"") | W189: =IFERROR(IF($F189=W$1,0.3,IF(AND(W$1>$F189,W$1<=$G189),100%,0))*BF189,"") | X189: =IFERROR(IF($F189=X$1,0.3,IF(AND(X$1>$F189,X$1<=$G189),100%,0))*BG189,"") | Y189: =IFERROR(IF($F189=Y$1,0.7,IF(AND(Y$1>$F189,Y$1<=$G189),100%,0))*BH189,"") | Z189: =IFERROR(IF($F189=Z$1,0.3,IF(AND(Z$1>$F189,Z$1<=$G189),100%,0))*BI189,"") | AA189: =IFERROR(IF($F189=AA$1,0.3,IF(AND(AA$1>$F189,AA$1<=$G189),100%,0))*BJ189,"") | AB189: =IFERROR(IF($F189=AB$1,0.3,IF(AND(AB$1>$F189,AB$1<=$G189),100%,0))*BK189,"") | AC189: =SUM(Table1[[#This Row],[Jan]:[Dec]]) -> 0 | AD189: =IFERROR($O189*Q189,"") | AE189: =IFERROR($O189*R189,"") | AF189: =IFERROR($O189*S189,"") | AG189: =IFERROR($O189*T189,"") | AH189: =IFERROR($O189*U189,"") | AI189: =IFERROR($O189*V189,"") | AJ189: =IFERROR($O189*W189,"") | AK189: =IFERROR($O189*X189,"") | ... AO189: =IFERROR($O189*AB189,"") | AP189: =SUM(AD189:AF189) -> 0 | AQ189: 2.5 | AR189: 2.5 | AS189: 2.5 | AT189: =SUM(AD189:AO189)=SUM(AP189:AS189) -> FALSE | AU189: 5.252 | AV189: =IFERROR(L189*SUM($Q189:$AB189),"") -> 0 | AW189: =IFERROR(M189*SUM($Q189:$AB189),"") -> 0 | AX189: =IFERROR(N189*SUM($Q189:$AB189),"") -> 0 | AY189: =SUM(AU189:AX189) -> 5.252 | AZ189: =IFERROR(IF($E189="REC",INDEX(A_Type_Volume!$B:$B,MATCH($D189,A_Type_Volume!$A:$A,0),1),IF($E189="VAM",INDEX(C_Type_Volume!$B:$B,MATCH($D189,C_Type_Volume!$A:$A,0),1),"X")),"") | BA189: =IFERROR(IF($E189="REC",INDEX(A_Type_Volume!$C:$C,MATCH($D189,A_Type_Volume!$A:$A,0),1),IF($E189="VAM",INDEX(C_Type_Volume!$C:$C,MATCH($D189,C_Type_Volume!$A:$A,0),1),"X")),"") | BB189: =IFERROR(IF($E189="REC",INDEX(A_Type_Volume!$D:$D,MATCH($D189,A_Type_Volume!$A:$A,0),1),IF($E189="VAM",INDEX(C_Type_Volume!$D:$D,MATCH($D189,C_Type_Volume!$A:$A,0),1),"X")),"") | BC189: =IFERROR(IF($E189="REC",INDEX(A_Type_Volume!$E:$E,MATCH($D189,A_Type_Volume!$A:$A,0),1),IF($E189="VAM",INDEX(C_Type_Volume!$E:$E,MATCH($D189,C_Type_Volume!$A:$A,0),1),"X")),"") | BD189: =IFERROR(IF($E189="REC",INDEX(A_Type_Volume!$F:$F,MATCH($D189,A_Type_Volume!$A:$A,0),1),IF($E189="VAM",INDEX(C_Type_Volume!$F:$F,MATCH($D189,C_Type_Volume!$A:$A,0),1),"X")),"") | BE189: =IFERROR(IF($E189="REC",INDEX(A_Type_Volume!$G:$G,MATCH($D189,A_Type_Volume!$A:$A,0),1),IF($E189="VAM",INDEX(C_Type_Volume!$G:$G,MATCH($D189,C_Type_Volume!$A:$A,0),1),"X")),"") | BF189: =IFERROR(IF($E189="REC",INDEX(A_Type_Volume!$H:$H,MATCH($D189,A_Type_Volume!$A:$A,0),1),IF($E189="VAM",INDEX(C_Type_Volume!$H:$H,MATCH($D189,C_Type_Volume!$A:$A,0),1),"X")),"") | BG189: =IFERROR(IF($E189="REC",INDEX(A_Type_Volume!$I:$I,MATCH($D189,A_Type_Volume!$A:$A,0),1),IF($E189="VAM",INDEX(C_Type_Volume!$I:$I,MATCH($D189,C_Type_Volume!$A:$A,0),1),"X")),"") | BH189: =IFERROR(IF($E189="REC",INDEX(A_Type_Volume!$J:$J,MATCH($D189,A_Type_Volume!$A:$A,0),1),IF($E189="VAM",INDEX(C_Type_Volume!$J:$J,MATCH($D189,C_Type_Volume!$A:$A,0),1),"X")),"") | BI189: =IFERROR(IF($E189="REC",INDEX(A_Type_Volume!$K:$K,MATCH($D189,A_Type_Volume!$A:$A,0),1),IF($E189="VAM",INDEX(C_Type_Volume!$K:$K,MATCH($D189,C_Type_Volume!$A:$A,0),1),"X")),"") | BJ189: =IFERROR(IF($E189="REC",INDEX(A_Type_Volume!$L:$L,MATCH($D189,A_Type_Volume!$A:$A,0),1),IF($E189="VAM",INDEX(C_Type_Volume!$L:$L,MATCH($D189,C_Type_Volume!$A:$A,0),1),"X")),"") | BK189: =IFERROR(IF($E189="REC",INDEX(A_Type_Volume!M:M,MATCH($D189,A_Type_Volume!$A:$A,0),1),IF($E189="VAM",INDEX(C_Type_Volume!M:M,MATCH($D189,C_Type_Volume!$A:$A,0),1),"X")),"") | BL189: =SUM(Table1[[#This Row],[Jan_AVF]:[Dec_AVF]]) -> 0 | BM189: =AZ189*$O189 -> #VALUE! | BN189: =BA189*$O189 -> #VALUE! | BO189: =BB189*$O189 -> #VALUE! | BP189: =BC189*$O189 -> #VALUE! | BQ189: =BD189*$O189 -> #VALUE! | BR189: =BE189*$O189 -> #VALUE! | BS189: =BF189*$O189 -> #VALUE! | BT189: =BG189*$O189 -> #VALUE! | ... BX189: =BK189*$O189 -> #VALUE! | BY189: 2.5 | BZ189: 2.5 | CA189: 2.5 | CB189: 2.5 | CC189: 10 | CD189: =IFERROR(Table1[[#This Row],[Annual Volume]]*Table1[[#This Row],[Yield Saving]],"") -> 0 | CE189: =IFERROR(Table1[[#This Row],[Annual Volume]]*Table1[[#This Row],[Material Saving]],"") -> 0 | CF189: =IFERROR(Table1[[#This Row],[OH Saving]]*Table1[[#This Row],[Annual Volume]],"") -> 0 | CG189: =SUM(Table1[[#This Row],[Labor_ASV]:[OH_ASV]]) -> 10
A190: =Table1[[#This Row],[Project Name]]&Table1[[#This Row],[Part Number]] -> Au Eching Time ReductionR184 | B190: =IFERROR(Table1[[#This Row],[Project Number]]&Table1[[#This Row],[Part Number]],"") -> AME25-075R184 | C190: AME25-075 | D190: R184 | E190: REC | F190: =INDEX(Proj_Reg!G:G,MATCH($C190,Proj_Reg!$B:$B,0),1) -> 46296 | G190: =INDEX(Proj_Reg!H:H,MATCH($C190,Proj_Reg!$B:$B,0),1) -> 46631 | H190: =IF(INDEX(Proj_Reg!C:C,MATCH($C190,Proj_Reg!$B:$B,0),1)=0,"",INDEX(Proj_Reg!C:C,MATCH($C190,Proj_Reg!$B:$B,0),1)) -> Wet Etching | I190: =IF(INDEX(Proj_Reg!D:D,MATCH($C190,Proj_Reg!$B:$B,0),1)=0,"",INDEX(Proj_Reg!D:D,MATCH($C190,Proj_Reg!$B:$B,0),1)) -> XWP | J190: =INDEX(Proj_Reg!E:E,MATCH($C190,Proj_Reg!$B:$B,0),1) -> Au Eching Time Reduction | K190: 0 | L190: 0 | M190: 0 | N190: 0 | O190: =SUM(Table1[[#This Row],[Labor Saving]:[OH Saving]]) -> 0 | Q190: =IFERROR(IF($F190=Q$1,0.3,IF(AND(Q$1>$F190,Q$1<=$G190),100%,0))*AZ190,"") -> 0 | R190: =IFERROR(IF($F190=R$1,0.3,IF(AND(R$1>$F190,R$1<=$G190),100%,0))*BA190,"") -> 0 | S190: =IFERROR(IF($F190=S$1,0.3,IF(AND(S$1>$F190,S$1<=$G190),100%,0))*BB190,"") -> 0 | T190: =IFERROR(IF($F190=T$1,0.3,IF(AND(T$1>$F190,T$1<=$G190),100%,0))*BC190,"") -> 0 | U190: =IFERROR(IF($F190=U$1,0.3,IF(AND(U$1>$F190,U$1<=$G190),100%,0))*BD190,"") -> 0 | V190: =IFERROR(IF($F190=V$1,0.3,IF(AND(V$1>$F190,V$1<=$G190),100%,0))*BE190,"") -> 0 | W190: =IFERROR(IF($F190=W$1,0.3,IF(AND(W$1>$F190,W$1<=$G190),100%,0))*BF190,"") -> 0 | X190: =IFERROR(IF($F190=X$1,0.3,IF(AND(X$1>$F190,X$1<=$G190),100%,0))*BG190,"") -> 0 | Y190: =IFERROR(IF($F190=Y$1,0.7,IF(AND(Y$1>$F190,Y$1<=$G190),100%,0))*BH190,"") -> 0 | Z190: =IFERROR(IF($F190=Z$1,0.3,IF(AND(Z$1>$F190,Z$1<=$G190),100%,0))*BI190,"") -> 0 | AA190: =IFERROR(IF($F190=AA$1,0.3,IF(AND(AA$1>$F190,AA$1<=$G190),100%,0))*BJ190,"") -> 0 | AB190: =IFERROR(IF($F190=AB$1,0.3,IF(AND(AB$1>$F190,AB$1<=$G190),100%,0))*BK190,"") -> 0 | AC190: =SUM(Table1[[#This Row],[Jan]:[Dec]]) -> 0 | AD190: =IFERROR($O190*Q190,"") -> 0 | AE190: =IFERROR($O190*R190,"") -> 0 | AF190: =IFERROR($O190*S190,"") -> 0 | AG190: =IFERROR($O190*T190,"") -> 0 | AH190: =IFERROR($O190*U190,"") -> 0 | AI190: =IFERROR($O190*V190,"") -> 0 | AJ190: =IFERROR($O190*W190,"") -> 0 | AK190: =IFERROR($O190*X190,"") -> 0 | ... AO190: =IFERROR($O190*AB190,"") -> 0 | AP190: =SUM(AD190:AF190) -> 0 | AQ190: =SUM(AG190:AI190) -> 0 | AR190: =SUM(AJ190:AL190) -> 0 | AS190: =SUM(AM190:AO190) -> 0 | AT190: =SUM(AD190:AO190)=SUM(AP190:AS190) -> TRUE | AU190: =IFERROR(K190*SUM($Q190:$AB190),"") -> 0 | AV190: =IFERROR(L190*SUM($Q190:$AB190),"") -> 0 | AW190: =IFERROR(M190*SUM($Q190:$AB190),"") -> 0 | AX190: =IFERROR(N190*SUM($Q190:$AB190),"") -> 0 | AY190: =SUM(AU190:AX190) -> 0 | AZ190: =IFERROR(IF($E190="REC",INDEX(A_Type_Volume!$B:$B,MATCH($D190,A_Type_Volume!$A:$A,0),1),IF($E190="VAM",INDEX(C_Type_Volume!$B:$B,MATCH($D190,C_Type_Volume!$A:$A,0),1),"X")),"") -> 0 | BA190: =IFERROR(IF($E190="REC",INDEX(A_Type_Volume!$C:$C,MATCH($D190,A_Type_Volume!$A:$A,0),1),IF($E190="VAM",INDEX(C_Type_Volume!$C:$C,MATCH($D190,C_Type_Volume!$A:$A,0),1),"X")),"") -> 0 | BB190: =IFERROR(IF($E190="REC",INDEX(A_Type_Volume!$D:$D,MATCH($D190,A_Type_Volume!$A:$A,0),1),IF($E190="VAM",INDEX(C_Type_Volume!$D:$D,MATCH($D190,C_Type_Volume!$A:$A,0),1),"X")),"") -> 0 | BC190: =IFERROR(IF($E190="REC",INDEX(A_Type_Volume!$E:$E,MATCH($D190,A_Type_Volume!$A:$A,0),1),IF($E190="VAM",INDEX(C_Type_Volume!$E:$E,MATCH($D190,C_Type_Volume!$A:$A,0),1),"X")),"") -> 0 | BD190: =IFERROR(IF($E190="REC",INDEX(A_Type_Volume!$F:$F,MATCH($D190,A_Type_Volume!$A:$A,0),1),IF($E190="VAM",INDEX(C_Type_Volume!$F:$F,MATCH($D190,C_Type_Volume!$A:$A,0),1),"X")),"") -> 0 | BE190: =IFERROR(IF($E190="REC",INDEX(A_Type_Volume!$G:$G,MATCH($D190,A_Type_Volume!$A:$A,0),1),IF($E190="VAM",INDEX(C_Type_Volume!$G:$G,MATCH($D190,C_Type_Volume!$A:$A,0),1),"X")),"") -> 0 | BF190: =IFERROR(IF($E190="REC",INDEX(A_Type_Volume!$H:$H,MATCH($D190,A_Type_Volume!$A:$A,0),1),IF($E190="VAM",INDEX(C_Type_Volume!$H:$H,MATCH($D190,C_Type_Volume!$A:$A,0),1),"X")),"") -> 0 | BG190: =IFERROR(IF($E190="REC",INDEX(A_Type_Volume!$I:$I,MATCH($D190,A_Type_Volume!$A:$A,0),1),IF($E190="VAM",INDEX(C_Type_Volume!$I:$I,MATCH($D190,C_Type_Volume!$A:$A,0),1),"X")),"") -> 0 | BH190: =IFERROR(IF($E190="REC",INDEX(A_Type_Volume!$J:$J,MATCH($D190,A_Type_Volume!$A:$A,0),1),IF($E190="VAM",INDEX(C_Type_Volume!$J:$J,MATCH($D190,C_Type_Volume!$A:$A,0),1),"X")),"") -> 0 | BI190: =IFERROR(IF($E190="REC",INDEX(A_Type_Volume!$K:$K,MATCH($D190,A_Type_Volume!$A:$A,0),1),IF($E190="VAM",INDEX(C_Type_Volume!$K:$K,MATCH($D190,C_Type_Volume!$A:$A,0),1),"X")),"") -> 0 | BJ190: =IFERROR(IF($E190="REC",INDEX(A_Type_Volume!$L:$L,MATCH($D190,A_Type_Volume!$A:$A,0),1),IF($E190="VAM",INDEX(C_Type_Volume!$L:$L,MATCH($D190,C_Type_Volume!$A:$A,0),1),"X")),"") -> 0 | BK190: =IFERROR(IF($E190="REC",INDEX(A_Type_Volume!M:M,MATCH($D190,A_Type_Volume!$A:$A,0),1),IF($E190="VAM",INDEX(C_Type_Volume!M:M,MATCH($D190,C_Type_Volume!$A:$A,0),1),"X")),"") -> 0 | BL190: =SUM(Table1[[#This Row],[Jan_AVF]:[Dec_AVF]]) -> 0 | BM190: =AZ190*$O190 -> 0 | BN190: =BA190*$O190 -> 0 | BO190: =BB190*$O190 -> 0 | BP190: =BC190*$O190 -> 0 | BQ190: =BD190*$O190 -> 0 | BR190: =BE190*$O190 -> 0 | BS190: =BF190*$O190 -> 0 | BT190: =BG190*$O190 -> 0 | ... BX190: =BK190*$O190 -> 0 | BY190: =IFERROR(SUM(BM190:BO190),"") -> 0 | BZ190: =IFERROR(SUM(BP190:BR190),"") -> 0 | CA190: =IFERROR(SUM(BS190:BU190),"") -> 0 | CB190: =IFERROR(SUM(BV190:BX190),"") -> 0 | CC190: =IFERROR(Table1[[#This Row],[Labor Saving]]*Table1[[#This Row],[Annual Volume]],"") -> 0 | CD190: =IFERROR(Table1[[#This Row],[Annual Volume]]*Table1[[#This Row],[Yield Saving]],"") -> 0 | CE190: =IFERROR(Table1[[#This Row],[Annual Volume]]*Table1[[#This Row],[Material Saving]],"") -> 0 | CF190: =IFERROR(Table1[[#This Row],[OH Saving]]*Table1[[#This Row],[Annual Volume]],"") -> 0 | CG190: =SUM(Table1[[#This Row],[Labor_ASV]:[OH_ASV]]) -> 0
A191: =Table1[[#This Row],[Project Name]]&Table1[[#This Row],[Part Number]] -> TiW Eching Time ReductionR21 | B191: =IFERROR(Table1[[#This Row],[Project Number]]&Table1[[#This Row],[Part Number]],"") -> AME25-076R21 | C191: AME25-076 | D191: R21 | E191: REC | F191: =INDEX(Proj_Reg!G:G,MATCH($C191,Proj_Reg!$B:$B,0),1) -> 46327 | G191: =INDEX(Proj_Reg!H:H,MATCH($C191,Proj_Reg!$B:$B,0),1) -> 46661 | H191: =IF(INDEX(Proj_Reg!C:C,MATCH($C191,Proj_Reg!$B:$B,0),1)=0,"",INDEX(Proj_Reg!C:C,MATCH($C191,Proj_Reg!$B:$B,0),1)) -> Wet Etching | I191: =IF(INDEX(Proj_Reg!D:D,MATCH($C191,Proj_Reg!$B:$B,0),1)=0,"",INDEX(Proj_Reg!D:D,MATCH($C191,Proj_Reg!$B:$B,0),1)) -> XWP | J191: =INDEX(Proj_Reg!E:E,MATCH($C191,Proj_Reg!$B:$B,0),1) -> TiW Eching Time Reduction | K191: 0.0057946667 | L191: 0.0026206277 | M191: 0 | N191: 0 | O191: =SUM(Table1[[#This Row],[Labor Saving]:[OH Saving]]) -> 0.0084152944 | Q191: =IFERROR(IF($F191=Q$1,0.3,IF(AND(Q$1>$F191,Q$1<=$G191),100%,0))*AZ191,"") -> 0 | R191: =IFERROR(IF($F191=R$1,0.3,IF(AND(R$1>$F191,R$1<=$G191),100%,0))*BA191,"") -> 0 | S191: =IFERROR(IF($F191=S$1,0.3,IF(AND(S$1>$F191,S$1<=$G191),100%,0))*BB191,"") -> 0 | T191: =IFERROR(IF($F191=T$1,0.3,IF(AND(T$1>$F191,T$1<=$G191),100%,0))*BC191,"") -> 0 | U191: =IFERROR(IF($F191=U$1,0.3,IF(AND(U$1>$F191,U$1<=$G191),100%,0))*BD191,"") -> 0 | V191: =IFERROR(IF($F191=V$1,0.3,IF(AND(V$1>$F191,V$1<=$G191),100%,0))*BE191,"") -> 0 | W191: =IFERROR(IF($F191=W$1,0.3,IF(AND(W$1>$F191,W$1<=$G191),100%,0))*BF191,"") -> 0 | X191: =IFERROR(IF($F191=X$1,0.3,IF(AND(X$1>$F191,X$1<=$G191),100%,0))*BG191,"") -> 0 | Y191: =IFERROR(IF($F191=Y$1,0.7,IF(AND(Y$1>$F191,Y$1<=$G191),100%,0))*BH191,"") -> 0 | Z191: =IFERROR(IF($F191=Z$1,0.3,IF(AND(Z$1>$F191,Z$1<=$G191),100%,0))*BI191,"") -> 0 | AA191: =IFERROR(IF($F191=AA$1,0.3,IF(AND(AA$1>$F191,AA$1<=$G191),100%,0))*BJ191,"") -> 182291.7 | AB191: =IFERROR(IF($F191=AB$1,0.3,IF(AND(AB$1>$F191,AB$1<=$G191),100%,0))*BK191,"") -> 238939 | AC191: =SUM(Table1[[#This Row],[Jan]:[Dec]]) -> 421230.7 | AD191: =IFERROR($O191*Q191,"") -> 0 | AE191: =IFERROR($O191*R191,"") -> 0 | AF191: =IFERROR($O191*S191,"") -> 0 | AG191: =IFERROR($O191*T191,"") -> 0 | AH191: =IFERROR($O191*U191,"") -> 0 | AI191: =IFERROR($O191*V191,"") -> 0 | AJ191: =IFERROR($O191*W191,"") -> 0 | AK191: =IFERROR($O191*X191,"") -> 0 | ... AO191: =IFERROR($O191*AB191,"") -> 2010.742 | AP191: =SUM(AD191:AF191) -> 0 | AQ191: =SUM(AG191:AI191) -> 0 | AR191: =SUM(AJ191:AL191) -> 0 | AS191: =SUM(AM191:AO191) -> 3544.7803 | AT191: =SUM(AD191:AO191)=SUM(AP191:AS191) -> TRUE | AU191: =IFERROR(K191*SUM($Q191:$AB191),"") -> 2440.8915 | AV191: =IFERROR(L191*SUM($Q191:$AB191),"") -> 1103.8888 | AW191: =IFERROR(M191*SUM($Q191:$AB191),"") -> 0 | AX191: =IFERROR(N191*SUM($Q191:$AB191),"") -> 0 | AY191: =SUM(AU191:AX191) -> 3544.7803 | AZ191: =IFERROR(IF($E191="REC",INDEX(A_Type_Volume!$B:$B,MATCH($D191,A_Type_Volume!$A:$A,0),1),IF($E191="VAM",INDEX(C_Type_Volume!$B:$B,MATCH($D191,C_Type_Volume!$A:$A,0),1),"X")),"") -> 432229 | BA191: =IFERROR(IF($E191="REC",INDEX(A_Type_Volume!$C:$C,MATCH($D191,A_Type_Volume!$A:$A,0),1),IF($E191="VAM",INDEX(C_Type_Volume!$C:$C,MATCH($D191,C_Type_Volume!$A:$A,0),1),"X")),"") -> 537886 | BB191: =IFERROR(IF($E191="REC",INDEX(A_Type_Volume!$D:$D,MATCH($D191,A_Type_Volume!$A:$A,0),1),IF($E191="VAM",INDEX(C_Type_Volume!$D:$D,MATCH($D191,C_Type_Volume!$A:$A,0),1),"X")),"") -> 519202 | BC191: =IFERROR(IF($E191="REC",INDEX(A_Type_Volume!$E:$E,MATCH($D191,A_Type_Volume!$A:$A,0),1),IF($E191="VAM",INDEX(C_Type_Volume!$E:$E,MATCH($D191,C_Type_Volume!$A:$A,0),1),"X")),"") -> 287507 | BD191: =IFERROR(IF($E191="REC",INDEX(A_Type_Volume!$F:$F,MATCH($D191,A_Type_Volume!$A:$A,0),1),IF($E191="VAM",INDEX(C_Type_Volume!$F:$F,MATCH($D191,C_Type_Volume!$A:$A,0),1),"X")),"") -> 478075 | BE191: =IFERROR(IF($E191="REC",INDEX(A_Type_Volume!$G:$G,MATCH($D191,A_Type_Volume!$A:$A,0),1),IF($E191="VAM",INDEX(C_Type_Volume!$G:$G,MATCH($D191,C_Type_Volume!$A:$A,0),1),"X")),"") -> 778030 | BF191: =IFERROR(IF($E191="REC",INDEX(A_Type_Volume!$H:$H,MATCH($D191,A_Type_Volume!$A:$A,0),1),IF($E191="VAM",INDEX(C_Type_Volume!$H:$H,MATCH($D191,C_Type_Volume!$A:$A,0),1),"X")),"") -> 515118 | BG191: =IFERROR(IF($E191="REC",INDEX(A_Type_Volume!$I:$I,MATCH($D191,A_Type_Volume!$A:$A,0),1),IF($E191="VAM",INDEX(C_Type_Volume!$I:$I,MATCH($D191,C_Type_Volume!$A:$A,0),1),"X")),"") -> 581456 | BH191: =IFERROR(IF($E191="REC",INDEX(A_Type_Volume!$J:$J,MATCH($D191,A_Type_Volume!$A:$A,0),1),IF($E191="VAM",INDEX(C_Type_Volume!$J:$J,MATCH($D191,C_Type_Volume!$A:$A,0),1),"X")),"") -> 499550 | BI191: =IFERROR(IF($E191="REC",INDEX(A_Type_Volume!$K:$K,MATCH($D191,A_Type_Volume!$A:$A,0),1),IF($E191="VAM",INDEX(C_Type_Volume!$K:$K,MATCH($D191,C_Type_Volume!$A:$A,0),1),"X")),"") -> 452946 | BJ191: =IFERROR(IF($E191="REC",INDEX(A_Type_Volume!$L:$L,MATCH($D191,A_Type_Volume!$A:$A,0),1),IF($E191="VAM",INDEX(C_Type_Volume!$L:$L,MATCH($D191,C_Type_Volume!$A:$A,0),1),"X")),"") -> 607639 | BK191: =IFERROR(IF($E191="REC",INDEX(A_Type_Volume!M:M,MATCH($D191,A_Type_Volume!$A:$A,0),1),IF($E191="VAM",INDEX(C_Type_Volume!M:M,MATCH($D191,C_Type_Volume!$A:$A,0),1),"X")),"") -> 238939 | BL191: =SUM(Table1[[#This Row],[Jan_AVF]:[Dec_AVF]]) -> 5928577 | BM191: =AZ191*$O191 -> 3637.3343 | BN191: =BA191*$O191 -> 4526.469 | BO191: =BB191*$O191 -> 4369.2377 | BP191: =BC191*$O191 -> 2419.456 | BQ191: =BD191*$O191 -> 4023.1419 | BR191: =BE191*$O191 -> 6547.3515 | BS191: =BF191*$O191 -> 4334.8696 | BT191: =BG191*$O191 -> 4893.1234 | ... BX191: =BK191*$O191 -> 2010.742 | BY191: =IFERROR(SUM(BM191:BO191),"") -> 12533.041 | BZ191: =IFERROR(SUM(BP191:BR191),"") -> 12989.949 | CA191: =IFERROR(SUM(BS191:BU191),"") -> 13431.853 | CB191: =IFERROR(SUM(BV191:BX191),"") -> 10935.877 | CC191: =IFERROR(Table1[[#This Row],[Labor Saving]]*Table1[[#This Row],[Annual Volume]],"") -> 34354.128 | CD191: =IFERROR(Table1[[#This Row],[Annual Volume]]*Table1[[#This Row],[Yield Saving]],"") -> 15536.593 | CE191: =IFERROR(Table1[[#This Row],[Annual Volume]]*Table1[[#This Row],[Material Saving]],"") -> 0 | CF191: =IFERROR(Table1[[#This Row],[OH Saving]]*Table1[[#This Row],[Annual Volume]],"") -> 0 | CG191: =SUM(Table1[[#This Row],[Labor_ASV]:[OH_ASV]]) -> 49890.721
A192: =Table1[[#This Row],[Project Name]]&Table1[[#This Row],[Part Number]] -> NiCr Eching Time ReductionR78 | B192: =IFERROR(Table1[[#This Row],[Project Number]]&Table1[[#This Row],[Part Number]],"") -> AME25-077R78 | C192: AME25-077 | D192: R78 | E192: REC | F192: =INDEX(Proj_Reg!G:G,MATCH($C192,Proj_Reg!$B:$B,0),1) -> 46357 | G192: =INDEX(Proj_Reg!H:H,MATCH($C192,Proj_Reg!$B:$B,0),1) -> 46692 | H192: =IF(INDEX(Proj_Reg!C:C,MATCH($C192,Proj_Reg!$B:$B,0),1)=0,"",INDEX(Proj_Reg!C:C,MATCH($C192,Proj_Reg!$B:$B,0),1)) -> Wet Etching | I192: =IF(INDEX(Proj_Reg!D:D,MATCH($C192,Proj_Reg!$B:$B,0),1)=0,"",INDEX(Proj_Reg!D:D,MATCH($C192,Proj_Reg!$B:$B,0),1)) -> XWP | J192: =INDEX(Proj_Reg!E:E,MATCH($C192,Proj_Reg!$B:$B,0),1) -> NiCr Eching Time Reduction | K192: 0.0057946667 | L192: 0.0026206277 | M192: 0 | N192: 0 | O192: =SUM(Table1[[#This Row],[Labor Saving]:[OH Saving]]) -> 0.0084152944 | Q192: =IFERROR(IF($F192=Q$1,0.3,IF(AND(Q$1>$F192,Q$1<=$G192),100%,0))*AZ192,"") -> 0 | R192: =IFERROR(IF($F192=R$1,0.3,IF(AND(R$1>$F192,R$1<=$G192),100%,0))*BA192,"") -> 0 | S192: =IFERROR(IF($F192=S$1,0.3,IF(AND(S$1>$F192,S$1<=$G192),100%,0))*BB192,"") -> 0 | T192: =IFERROR(IF($F192=T$1,0.3,IF(AND(T$1>$F192,T$1<=$G192),100%,0))*BC192,"") -> 0 | U192: =IFERROR(IF($F192=U$1,0.3,IF(AND(U$1>$F192,U$1<=$G192),100%,0))*BD192,"") -> 0 | V192: =IFERROR(IF($F192=V$1,0.3,IF(AND(V$1>$F192,V$1<=$G192),100%,0))*BE192,"") -> 0 | W192: =IFERROR(IF($F192=W$1,0.3,IF(AND(W$1>$F192,W$1<=$G192),100%,0))*BF192,"") -> 0 | X192: =IFERROR(IF($F192=X$1,0.3,IF(AND(X$1>$F192,X$1<=$G192),100%,0))*BG192,"") -> 0 | Y192: =IFERROR(IF($F192=Y$1,0.7,IF(AND(Y$1>$F192,Y$1<=$G192),100%,0))*BH192,"") -> 0 | Z192: =IFERROR(IF($F192=Z$1,0.3,IF(AND(Z$1>$F192,Z$1<=$G192),100%,0))*BI192,"") -> 0 | AA192: =IFERROR(IF($F192=AA$1,0.3,IF(AND(AA$1>$F192,AA$1<=$G192),100%,0))*BJ192,"") -> 0 | AB192: =IFERROR(IF($F192=AB$1,0.3,IF(AND(AB$1>$F192,AB$1<=$G192),100%,0))*BK192,"") -> 8310.3 | AC192: =SUM(Table1[[#This Row],[Jan]:[Dec]]) -> 8310.3 | AD192: =IFERROR($O192*Q192,"") -> 0 | AE192: =IFERROR($O192*R192,"") -> 0 | AF192: =IFERROR($O192*S192,"") -> 0 | AG192: =IFERROR($O192*T192,"") -> 0 | AH192: =IFERROR($O192*U192,"") -> 0 | AI192: =IFERROR($O192*V192,"") -> 0 | AJ192: =IFERROR($O192*W192,"") -> 0 | AK192: =IFERROR($O192*X192,"") -> 0 | ... AO192: =IFERROR($O192*AB192,"") -> 69.933621 | AP192: =SUM(AD192:AF192) -> 0 | AQ192: =SUM(AG192:AI192) -> 0 | AR192: =SUM(AJ192:AL192) -> 0 | AS192: =SUM(AM192:AO192) -> 69.933621 | AT192: =SUM(AD192:AO192)=SUM(AP192:AS192) -> TRUE | AU192: =IFERROR(K192*SUM($Q192:$AB192),"") -> 48.155418 | AV192: =IFERROR(L192*SUM($Q192:$AB192),"") -> 21.778202 | AW192: =IFERROR(M192*SUM($Q192:$AB192),"") -> 0 | AX192: =IFERROR(N192*SUM($Q192:$AB192),"") -> 0 | AY192: =SUM(AU192:AX192) -> 69.933621 | AZ192: =IFERROR(IF($E192="REC",INDEX(A_Type_Volume!$B:$B,MATCH($D192,A_Type_Volume!$A:$A,0),1),IF($E192="VAM",INDEX(C_Type_Volume!$B:$B,MATCH($D192,C_Type_Volume!$A:$A,0),1),"X")),"") -> 188378 | BA192: =IFERROR(IF($E192="REC",INDEX(A_Type_Volume!$C:$C,MATCH($D192,A_Type_Volume!$A:$A,0),1),IF($E192="VAM",INDEX(C_Type_Volume!$C:$C,MATCH($D192,C_Type_Volume!$A:$A,0),1),"X")),"") -> 141628 | BB192: =IFERROR(IF($E192="REC",INDEX(A_Type_Volume!$D:$D,MATCH($D192,A_Type_Volume!$A:$A,0),1),IF($E192="VAM",INDEX(C_Type_Volume!$D:$D,MATCH($D192,C_Type_Volume!$A:$A,0),1),"X")),"") -> 170437 | BC192: =IFERROR(IF($E192="REC",INDEX(A_Type_Volume!$E:$E,MATCH($D192,A_Type_Volume!$A:$A,0),1),IF($E192="VAM",INDEX(C_Type_Volume!$E:$E,MATCH($D192,C_Type_Volume!$A:$A,0),1),"X")),"") -> 57288 | BD192: =IFERROR(IF($E192="REC",INDEX(A_Type_Volume!$F:$F,MATCH($D192,A_Type_Volume!$A:$A,0),1),IF($E192="VAM",INDEX(C_Type_Volume!$F:$F,MATCH($D192,C_Type_Volume!$A:$A,0),1),"X")),"") -> 84228 | BE192: =IFERROR(IF($E192="REC",INDEX(A_Type_Volume!$G:$G,MATCH($D192,A_Type_Volume!$A:$A,0),1),IF($E192="VAM",INDEX(C_Type_Volume!$G:$G,MATCH($D192,C_Type_Volume!$A:$A,0),1),"X")),"") -> 100952 | BF192: =IFERROR(IF($E192="REC",INDEX(A_Type_Volume!$H:$H,MATCH($D192,A_Type_Volume!$A:$A,0),1),IF($E192="VAM",INDEX(C_Type_Volume!$H:$H,MATCH($D192,C_Type_Volume!$A:$A,0),1),"X")),"") -> 45861 | BG192: =IFERROR(IF($E192="REC",INDEX(A_Type_Volume!$I:$I,MATCH($D192,A_Type_Volume!$A:$A,0),1),IF($E192="VAM",INDEX(C_Type_Volume!$I:$I,MATCH($D192,C_Type_Volume!$A:$A,0),1),"X")),"") -> 36456 | BH192: =IFERROR(IF($E192="REC",INDEX(A_Type_Volume!$J:$J,MATCH($D192,A_Type_Volume!$A:$A,0),1),IF($E192="VAM",INDEX(C_Type_Volume!$J:$J,MATCH($D192,C_Type_Volume!$A:$A,0),1),"X")),"") -> 38574 | BI192: =IFERROR(IF($E192="REC",INDEX(A_Type_Volume!$K:$K,MATCH($D192,A_Type_Volume!$A:$A,0),1),IF($E192="VAM",INDEX(C_Type_Volume!$K:$K,MATCH($D192,C_Type_Volume!$A:$A,0),1),"X")),"") -> 33728 | BJ192: =IFERROR(IF($E192="REC",INDEX(A_Type_Volume!$L:$L,MATCH($D192,A_Type_Volume!$A:$A,0),1),IF($E192="VAM",INDEX(C_Type_Volume!$L:$L,MATCH($D192,C_Type_Volume!$A:$A,0),1),"X")),"") -> 34999 | BK192: =IFERROR(IF($E192="REC",INDEX(A_Type_Volume!M:M,MATCH($D192,A_Type_Volume!$A:$A,0),1),IF($E192="VAM",INDEX(C_Type_Volume!M:M,MATCH($D192,C_Type_Volume!$A:$A,0),1),"X")),"") -> 27701 | BL192: =SUM(Table1[[#This Row],[Jan_AVF]:[Dec_AVF]]) -> 960230 | BM192: =AZ192*$O192 -> 1585.2563 | BN192: =BA192*$O192 -> 1191.8413 | BO192: =BB192*$O192 -> 1434.2775 | BP192: =BC192*$O192 -> 482.09538 | BQ192: =BD192*$O192 -> 708.80341 | BR192: =BE192*$O192 -> 849.5408 | BS192: =BF192*$O192 -> 385.93381 | BT192: =BG192*$O192 -> 306.78797 | ... BX192: =BK192*$O192 -> 233.11207 | BY192: =IFERROR(SUM(BM192:BO192),"") -> 4211.3752 | BZ192: =IFERROR(SUM(BP192:BR192),"") -> 2040.4396 | CA192: =IFERROR(SUM(BS192:BU192),"") -> 1017.3334 | CB192: =IFERROR(SUM(BV192:BX192),"") -> 811.47 | CC192: =IFERROR(Table1[[#This Row],[Labor Saving]]*Table1[[#This Row],[Annual Volume]],"") -> 5564.2128 | CD192: =IFERROR(Table1[[#This Row],[Annual Volume]]*Table1[[#This Row],[Yield Saving]],"") -> 2516.4053 | CE192: =IFERROR(Table1[[#This Row],[Annual Volume]]*Table1[[#This Row],[Material Saving]],"") -> 0 | CF192: =IFERROR(Table1[[#This Row],[OH Saving]]*Table1[[#This Row],[Annual Volume]],"") -> 0 | CG192: =SUM(Table1[[#This Row],[Labor_ASV]:[OH_ASV]]) -> 8080.6181
